model_id,snr_db,metric,n,mean,std,ci95_low,ci95_high,seed_2022,seed_2023,seed_2024,seed_2025,seed_2026
M0,-20,accuracy,5,0.0959090909090909,0.0041160841536988235,0.09079829740186607,0.10101988441631574,0.10045454545454545,0.09227272727272727,0.09136363636363637,0.0959090909090909,0.09954545454545455
M0,-20,macro_f1,5,0.03179808879124249,0.00799436972049747,0.021871767720970492,0.04172440986151449,0.04136389079067003,0.02766673940909323,0.021371252486574375,0.030696620941679374,0.037891940328195456
M0,-20,balanced_accuracy,5,0.0959090909090909,0.004116084153698828,0.09079829740186605,0.10101988441631575,0.10045454545454545,0.09227272727272727,0.09136363636363636,0.0959090909090909,0.09954545454545455
M0,-20,prediction_concentration,5,0.9117272727272727,0.02229683296637838,0.8840420979589578,0.9394124474955876,0.8963636363636364,0.9045454545454545,0.95,0.8963636363636364,0.9113636363636364
M0,-20,normalized_prediction_entropy,5,0.20002700732275963,0.04209621265916858,0.14775765560314047,0.2522963590423788,0.22570840883654078,0.21436741832453163,0.1281929332132057,0.23262203431652126,0.19924424192299875
M0,-20,gini,5,0.848809917355372,0.014625834442046449,0.8306495452849944,0.8669702894257497,0.8443801652892563,0.8443801652892563,0.8714876033057851,0.8317355371900826,0.8520661157024794
M0,-20,hhi,5,0.8328322314049588,0.04068696927606749,0.7823126864588431,0.8833517763510744,0.8052611570247934,0.8194731404958677,0.9028099173553719,0.8048115702479339,0.8318053719008265
M0,-20,dominant_predicted_class_ratio,5,0.9117272727272727,0.02229683296637838,0.8840420979589578,0.9394124474955876,0.8963636363636364,0.9045454545454545,0.95,0.8963636363636364,0.9113636363636364
M0,-18,accuracy,5,0.09309090909090909,0.0032997620750693686,0.0889937133196573,0.09718810486216087,0.09,0.09136363636363637,0.09272727272727273,0.09272727272727273,0.09863636363636363
M0,-18,macro_f1,5,0.03382739467147931,0.005330147054337222,0.027209142968976942,0.04044564637398168,0.035787494218126055,0.031151446379651226,0.02605691147286293,0.03630281392509585,0.03983830736166054
M0,-18,balanced_accuracy,5,0.09309090909090909,0.0032997620750693686,0.0889937133196573,0.09718810486216087,0.09,0.09136363636363637,0.09272727272727273,0.09272727272727273,0.09863636363636363
M0,-18,prediction_concentration,5,0.8987272727272726,0.026485611250371112,0.8658410427672663,0.9316135026872789,0.8745454545454545,0.8922727272727272,0.9422727272727273,0.8822727272727273,0.9022727272727272
M0,-18,normalized_prediction_entropy,5,0.22261776900388316,0.04853620479387232,0.16235211090188695,0.2828834271058794,0.26325666656965613,0.2401918884728303,0.14298448909114891,0.2544443624116854,0.21221143847409515
M0,-18,gini,5,0.841404958677686,0.018422153123394625,0.8185308343749699,0.8642790829804022,0.8282644628099173,0.8292561983471074,0.8692561983471075,0.8287603305785125,0.8514876033057852
M0,-18,hhi,5,0.8099379338842976,0.04747020907428195,0.7509958842895561,0.868879983479039,0.7674834710743802,0.7976202479338842,0.8883409090909091,0.7803272727272729,0.8159177685950412
M0,-18,dominant_predicted_class_ratio,5,0.8987272727272726,0.026485611250371112,0.8658410427672663,0.9316135026872789,0.8745454545454545,0.8922727272727272,0.9422727272727273,0.8822727272727273,0.9022727272727272
M0,-16,accuracy,5,0.10045454545454544,0.0035646334412177574,0.09602846844379215,0.10488062246529872,0.09954545454545455,0.09681818181818182,0.09909090909090909,0.10045454545454545,0.10636363636363637
M0,-16,macro_f1,5,0.04535255597667102,0.006177982016787285,0.037681578124875964,0.05302353382846607,0.047480450969482633,0.040290595760473086,0.03769602445014038,0.04867103568369969,0.05262467301955931
M0,-16,balanced_accuracy,5,0.10045454545454544,0.0035646334412177644,0.09602846844379215,0.10488062246529872,0.09954545454545455,0.09681818181818182,0.09909090909090908,0.10045454545454545,0.10636363636363638
M0,-16,prediction_concentration,5,0.8671818181818182,0.02506273121325308,0.836062327137664,0.8983013092259723,0.8463636363636363,0.86,0.9086363636363637,0.85,0.8709090909090909
M0,-16,normalized_prediction_entropy,5,0.28119416562941835,0.04281262903022459,0.22803526549413514,0.33435306576470153,0.3148979175596068,0.2925477320959391,0.2114764490208409,0.3147636069904243,0.2722851224802806
M0,-16,gini,5,0.8115867768595042,0.017577717793570587,0.7897611575046419,0.8334123962143665,0.8008264462809916,0.8087603305785124,0.8365289256198348,0.7913223140495869,0.8204958677685948
M0,-16,hhi,5,0.7548739669421488,0.04320344622373155,0.701229803167809,0.8085181307164886,0.7196190082644628,0.7422037190082644,0.8266070247933885,0.7251702479338842,0.7607698347107438
M0,-16,dominant_predicted_class_ratio,5,0.8671818181818182,0.02506273121325308,0.836062327137664,0.8983013092259723,0.8463636363636363,0.86,0.9086363636363637,0.85,0.8709090909090909
M0,-14,accuracy,5,0.12663636363636363,0.011985700846983813,0.11175415040142347,0.1415185768713038,0.1431818181818182,0.11954545454545455,0.11363636363636363,0.12227272727272727,0.13454545454545455
M0,-14,macro_f1,5,0.0830309156417804,0.015251292468275097,0.064093934857847,0.10196789642571381,0.10409629066844138,0.07511787230158055,0.06358839901009554,0.08255338878593645,0.0897986274428481
M0,-14,balanced_accuracy,5,0.12663636363636363,0.011985700846983817,0.11175415040142346,0.1415185768713038,0.1431818181818182,0.11954545454545454,0.11363636363636363,0.12227272727272727,0.13454545454545455
M0,-14,prediction_concentration,5,0.7756363636363636,0.031318478689713165,0.736749336168835,0.8145233911038922,0.7545454545454545,0.7754545454545455,0.8277272727272728,0.7481818181818182,0.7722727272727272
M0,-14,normalized_prediction_entropy,5,0.4250581749031489,0.04578971089960894,0.368202739390946,0.4819136104153518,0.4518642290663912,0.43036651848158153,0.35069958870215834,0.47086389097631326,0.42149664728930025
M0,-14,gini,5,0.737421487603306,0.027459503187039134,0.7033260110873979,0.771516964119214,0.7318181818181819,0.7285123966942149,0.7722314049586778,0.7000000000000001,0.7545454545454546
M0,-14,hhi,5,0.6087590082644627,0.04783849064505401,0.5493596767020916,0.6681583398268338,0.5775367768595041,0.607119008264463,0.6887024793388431,0.5668161157024793,0.6036206611570247
M0,-14,dominant_predicted_class_ratio,5,0.7756363636363636,0.031318478689713165,0.736749336168835,0.8145233911038922,0.7545454545454545,0.7754545454545455,0.8277272727272728,0.7481818181818182,0.7722727272727272
M0,-12,accuracy,5,0.16436363636363632,0.009920135629571348,0.15204616109509914,0.1766811116321735,0.17636363636363636,0.15045454545454545,0.1590909090909091,0.1668181818181818,0.1690909090909091
M0,-12,macro_f1,5,0.1304314838720748,0.009499155596729956,0.11863672435427941,0.14222624338987017,0.13829550772887556,0.11887664309276165,0.12354181561463139,0.1412956725296371,0.1301477803944683
M0,-12,balanced_accuracy,5,0.16436363636363632,0.009920135629571348,0.15204616109509914,0.1766811116321735,0.17636363636363636,0.15045454545454545,0.1590909090909091,0.1668181818181818,0.1690909090909091
M0,-12,prediction_concentration,5,0.6844545454545454,0.030375405993273562,0.6467384974018748,0.722170593507216,0.6654545454545454,0.6822727272727273,0.7354545454545455,0.6577272727272727,0.6813636363636364
M0,-12,normalized_prediction_entropy,5,0.5447371543845383,0.04386825486296988,0.4902675216571614,0.5992067871119152,0.5640512953811582,0.5533176677849704,0.4746611739036113,0.592760684993607,0.5388949498593447
M0,-12,gini,5,0.6682148760330578,0.04393129885619908,0.6136669638489852,0.7227627882171305,0.666694214876033,0.6517355371900827,0.7242148760330579,0.6068595041322314,0.6915702479338843
M0,-12,hhi,5,0.48192322314049585,0.040978449545626405,0.43104175763748215,0.5328046886435096,0.4582342975206611,0.4771177685950413,0.5508673553719009,0.444945867768595,0.478450826446281
M0,-12,dominant_predicted_class_ratio,5,0.6844545454545454,0.030375405993273562,0.6467384974018748,0.722170593507216,0.6654545454545454,0.6822727272727273,0.7354545454545455,0.6577272727272727,0.6813636363636364
M0,-10,accuracy,5,0.2625454545454545,0.013320586193142022,0.24600576223445994,0.2790851468564491,0.2840909090909091,0.2540909090909091,0.24954545454545454,0.2640909090909091,0.2609090909090909
M0,-10,macro_f1,5,0.23231307603807977,0.01029994227776486,0.21952400852820228,0.24510214354795726,0.24602693874592996,0.22801633635803045,0.22034320059490123,0.2395596721278568,0.22761923236368062
M0,-10,balanced_accuracy,5,0.2625454545454545,0.013320586193142026,0.24600576223445994,0.27908514685644914,0.2840909090909091,0.2540909090909091,0.24954545454545454,0.2640909090909091,0.26090909090909087
M0,-10,prediction_concentration,5,0.5067272727272728,0.0325236722434344,0.46634379981322127,0.5471107456413243,0.4822727272727273,0.5036363636363637,0.5618181818181818,0.4827272727272727,0.5031818181818182
M0,-10,normalized_prediction_entropy,5,0.7384890880950741,0.03383486948077201,0.6964775487768762,0.780500627413272,0.7468209488637106,0.7506905209729636,0.6830919914240593,0.7744185300213706,0.7374234491932657
M0,-10,gini,5,0.5307272727272727,0.04037460339296721,0.4805955812524698,0.5808589642020756,0.5452892561983471,0.5100826446280992,0.5831404958677685,0.4754545454545455,0.5396694214876033
M0,-10,hhi,5,0.28811140495867765,0.030541370548909628,0.25018928469229584,0.32603352522505946,0.2705471074380166,0.2819082644628099,0.34023305785123964,0.26241322314049587,0.2854553719008265
M0,-10,dominant_predicted_class_ratio,5,0.5067272727272728,0.0325236722434344,0.46634379981322127,0.5471107456413243,0.4822727272727273,0.5036363636363637,0.5618181818181818,0.4827272727272727,0.5031818181818182
M0,-8,accuracy,5,0.39499999999999996,0.010229797668115364,0.3822980285265923,0.40770197147340764,0.3840909090909091,0.4068181818181818,0.3845454545454545,0.3981818181818182,0.40136363636363637
M0,-8,macro_f1,5,0.36010208372943336,0.011823037207215618,0.34542184407981014,0.3747823233790566,0.34384995047287154,0.3712436507965942,0.3514127172134934,0.3667315678022556,0.3672725323619522
M0,-8,balanced_accuracy,5,0.39499999999999996,0.01022979766811538,0.3822980285265923,0.40770197147340764,0.38409090909090904,0.4068181818181818,0.3845454545454545,0.3981818181818182,0.40136363636363637
M0,-8,prediction_concentration,5,0.294,0.03098153275583417,0.25553134616791007,0.3324686538320899,0.28454545454545455,0.27636363636363637,0.3459090909090909,0.26681818181818184,0.2963636363636364
M0,-8,normalized_prediction_entropy,5,0.900073173765556,0.021815289024586865,0.8729859147733168,0.9271604327577951,0.892555963007282,0.9164430556050495,0.8682859742996547,0.9239041652656886,0.8991767106501056
M0,-8,gini,5,0.3606611570247934,0.036089831307110534,0.31584971278950713,0.40547260126007967,0.3844628099173553,0.33404958677685953,0.40628099173553717,0.317603305785124,0.36090909090909096
M0,-8,hhi,5,0.1473165289256198,0.014960631182087085,0.12874045179641766,0.16589260605482195,0.14727685950413222,0.13704545454545453,0.17121033057851237,0.13256818181818183,0.1484818181818182
M0,-8,dominant_predicted_class_ratio,5,0.294,0.03098153275583417,0.25553134616791007,0.3324686538320899,0.28454545454545455,0.27636363636363637,0.3459090909090909,0.26681818181818184,0.2963636363636364
M0,-6,accuracy,5,0.5489090909090909,0.010482176923609495,0.5358937492002427,0.5619244326179391,0.5340909090909091,0.5595454545454546,0.5568181818181818,0.5427272727272727,0.5513636363636364
M0,-6,macro_f1,5,0.5221960721084546,0.014605554344868718,0.5040608811046225,0.5403312631122867,0.4991264368832296,0.5337149565561605,0.5290254865265012,0.5164755988856395,0.5326378816907418
M0,-6,balanced_accuracy,5,0.5489090909090909,0.010482176923609521,0.5358937492002427,0.5619244326179391,0.5340909090909091,0.5595454545454547,0.5568181818181819,0.5427272727272728,0.5513636363636363
M0,-6,prediction_concentration,5,0.1572727272727273,0.02318181818181818,0.1284886982234582,0.18605675632199636,0.19045454545454546,0.13954545454545456,0.13545454545454547,0.14954545454545454,0.17136363636363636
M0,-6,normalized_prediction_entropy,5,0.9672890072345263,0.013163875089799663,0.9509438974586707,0.9836341170103818,0.9439799137342818,0.9753159810744022,0.9710718223039319,0.9714610683594244,0.9746162507005913
M0,-6,gini,5,0.21565289256198347,0.03969788923446019,0.16636145269487346,0.2649443324290935,0.2858677685950413,0.19132231404958677,0.2030578512396695,0.20487603305785118,0.1931404958677686
M0,-6,hhi,5,0.10494190082644628,0.005768213334537907,0.09777971799499167,0.11210408365790088,0.1151904958677686,0.10123429752066117,0.10262355371900826,0.10273305785123966,0.10292809917355372
M0,-6,dominant_predicted_class_ratio,5,0.1572727272727273,0.02318181818181818,0.1284886982234582,0.18605675632199636,0.19045454545454546,0.13954545454545456,0.13545454545454547,0.14954545454545454,0.17136363636363636
M0,-4,accuracy,5,0.6947272727272727,0.005006194509912116,0.6885112612363096,0.7009432842182359,0.6954545454545454,0.6918181818181818,0.7031818181818181,0.6913636363636364,0.6918181818181818
M0,-4,macro_f1,5,0.6802384800279613,0.004802370736996923,0.674275549177805,0.6862014108781176,0.6767300779138682,0.6809056398896495,0.6882893641092865,0.6768886246769543,0.6783786935500477
M0,-4,balanced_accuracy,5,0.6947272727272727,0.005006194509912131,0.6885112612363096,0.7009432842182359,0.6954545454545454,0.6918181818181819,0.7031818181818182,0.6913636363636364,0.6918181818181819
M0,-4,prediction_concentration,5,0.1409090909090909,0.011633167174608846,0.1264646060432933,0.1553535757748885,0.16045454545454546,0.1340909090909091,0.135,0.13227272727272726,0.14272727272727273
M0,-4,normalized_prediction_entropy,5,0.9781748904657992,0.008145580239041095,0.9680608167385019,0.9882889641930965,0.9643304419584924,0.985887006729057,0.9801284486495149,0.9811886562312068,0.9793398987607249
M0,-4,gini,5,0.17626446280991737,0.028577742820969598,0.14078050839919334,0.2117484172206414,0.22388429752066116,0.1475206611570248,0.17206611570247937,0.1640495867768595,0.17380165289256197
M0,-4,hhi,5,0.10018082644628098,0.003472150371893571,0.09586958233315093,0.10449207055941104,0.10610702479338843,0.09703429752066114,0.09922561983471075,0.09870909090909091,0.09982809917355372
M0,-4,dominant_predicted_class_ratio,5,0.1409090909090909,0.011633167174608846,0.1264646060432933,0.1553535757748885,0.16045454545454546,0.1340909090909091,0.135,0.13227272727272726,0.14272727272727273
M0,-2,accuracy,5,0.8057272727272726,0.008134966868427495,0.7956263772401658,0.8158281682143794,0.7931818181818182,0.8068181818181818,0.8054545454545454,0.8072727272727273,0.8159090909090909
M0,-2,macro_f1,5,0.7947448772117904,0.009287610532138136,0.7832127855846964,0.8062769688388844,0.7816753786048413,0.8029594964344006,0.7897059581048468,0.7956660625631123,0.8037174903517513
M0,-2,balanced_accuracy,5,0.8057272727272726,0.008134966868427447,0.7956263772401658,0.8158281682143794,0.7931818181818183,0.8068181818181818,0.8054545454545454,0.8072727272727271,0.8159090909090909
M0,-2,prediction_concentration,5,0.13536363636363635,0.01565181583213191,0.11592934013836247,0.15479793258891023,0.14,0.10772727272727273,0.14636363636363636,0.14045454545454544,0.14227272727272727
M0,-2,normalized_prediction_entropy,5,0.9852409836982219,0.006894495977391133,0.9766803362573346,0.9938016311391091,0.9824476126152136,0.996444192886868,0.977776404322485,0.9853405338100066,0.9841961748565358
M0,-2,gini,5,0.12342148760330578,0.033655983475259,0.08163206459793587,0.16521091060867568,0.14578512396694215,0.06768595041322313,0.1537190082644628,0.1258677685950413,0.12404958677685952
M0,-2,hhi,5,0.09678181818181816,0.002664111518251732,0.09347388682240501,0.10008974954123132,0.09800495867768595,0.09239545454545456,0.0995198347107438,0.09681198347107436,0.09717685950413224
M0,-2,dominant_predicted_class_ratio,5,0.13536363636363635,0.01565181583213191,0.11592934013836247,0.15479793258891023,0.14,0.10772727272727273,0.14636363636363636,0.14045454545454544,0.14227272727272727
M0,0,accuracy,5,0.8752727272727272,0.008310851215963599,0.8649534425234372,0.8855920120220172,0.8777272727272727,0.8759090909090909,0.860909090909091,0.8809090909090909,0.8809090909090909
M0,0,macro_f1,5,0.8683131029698566,0.009504035527878743,0.8565122842172401,0.8801139217224732,0.8715904441979698,0.8726740938710915,0.8513813711555067,0.8738764207831925,0.8720431848415228
M0,0,balanced_accuracy,5,0.8752727272727272,0.008310851215963599,0.8649534425234372,0.8855920120220172,0.8777272727272727,0.8759090909090909,0.860909090909091,0.8809090909090909,0.8809090909090909
M0,0,prediction_concentration,5,0.1441818181818182,0.008810446466675156,0.13324220399604608,0.1551214323675903,0.14136363636363636,0.13,0.15136363636363637,0.1481818181818182,0.15
M0,0,normalized_prediction_entropy,5,0.9861553046353679,0.004527911518670156,0.9805331599155831,0.9917774493551528,0.9873885269543754,0.9932085716607242,0.9819149843786051,0.9856442485043141,0.9826201916788209
M0,0,gini,5,0.11231404958677685,0.020269342704468663,0.08714633648338399,0.1374817626901697,0.10909090909090909,0.08181818181818182,0.136198347107438,0.11074380165289256,0.1237190082644628
M0,0,hhi,5,0.09665099173553718,0.0018003314823903632,0.09441558494902025,0.09888639852205411,0.0961293388429752,0.09383677685950415,0.09838099173553719,0.09695867768595041,0.09794917355371902
M0,0,dominant_predicted_class_ratio,5,0.1441818181818182,0.008810446466675156,0.13324220399604608,0.1551214323675903,0.14136363636363636,0.13,0.15136363636363637,0.1481818181818182,0.15
M0,2,accuracy,5,0.8955454545454545,0.0027536602237929206,0.8921263337822851,0.898964575308624,0.8927272727272727,0.9,0.8959090909090909,0.894090909090909,0.895
M0,2,macro_f1,5,0.8873176809196961,0.004161301112940131,0.8821507431420731,0.8924846186973191,0.883735662071717,0.893836557614626,0.8889372250310307,0.8843554576865448,0.8857235021945621
M0,2,balanced_accuracy,5,0.8955454545454545,0.0027536602237929098,0.8921263337822851,0.898964575308624,0.8927272727272727,0.9,0.895909090909091,0.8940909090909092,0.895
M0,2,prediction_concentration,5,0.14890909090909094,0.003558832569284244,0.14449021663217568,0.1533279651860062,0.14954545454545454,0.14363636363636365,0.14863636363636365,0.14909090909090908,0.15363636363636363
M0,2,normalized_prediction_entropy,5,0.9829709697572355,0.0022914383600378123,0.9801257732414735,0.9858161662729975,0.9825837926185693,0.986458643525599,0.9837194413542152,0.9816471089217111,0.9804458623660828
M0,2,gini,5,0.11748760330578514,0.007878725268972354,0.10770487378756391,0.12727033282400638,0.11603305785123967,0.10520661157024795,0.11743801652892566,0.12479338842975206,0.1239669421487603
M0,2,hhi,5,0.09775735537190082,0.0008363322663407685,0.09671891170624933,0.09879579903755231,0.0978892561983471,0.09647272727272728,0.09755247933884298,0.09814752066115703,0.09872479338842974
M0,2,dominant_predicted_class_ratio,5,0.14890909090909094,0.003558832569284244,0.14449021663217568,0.1533279651860062,0.14954545454545454,0.14363636363636365,0.14863636363636365,0.14909090909090908,0.15363636363636363
M0,4,accuracy,5,0.901909090909091,0.003740000441949857,0.8972652670070557,0.9065529148111263,0.8963636363636364,0.9031818181818182,0.9063636363636364,0.9004545454545455,0.9031818181818182
M0,4,macro_f1,5,0.894103198214531,0.004081087210726535,0.889035859151442,0.89917053727762,0.8881317615635974,0.8967996231825044,0.8983376075005789,0.8919953280276552,0.8952516707983184
M0,4,balanced_accuracy,5,0.901909090909091,0.0037400004419498073,0.8972652670070558,0.9065529148111262,0.8963636363636365,0.9031818181818181,0.9063636363636364,0.9004545454545454,0.9031818181818181
M0,4,prediction_concentration,5,0.15027272727272728,0.0030761680573979417,0.14645316014343185,0.1540922944020227,0.14909090909090908,0.14545454545454545,0.15272727272727274,0.15136363636363637,0.15272727272727274
M0,4,normalized_prediction_entropy,5,0.9824819640058531,0.0018578755247555827,0.9801751068536202,0.984788821158086,0.9828747764147197,0.9855772302569523,0.9813698372252883,0.9813728279847367,0.981215148147568
M0,4,gini,5,0.11813223140495868,0.006784816936712082,0.10970776848024014,0.12655669432967723,0.1159504132231405,0.10892561983471073,0.11636363636363636,0.1262809917355372,0.1231404958677686
M0,4,hhi,5,0.09797016528925619,0.0006963039454734771,0.09710558974835454,0.09883474083015784,0.09778305785123967,0.09682644628099173,0.09840495867768594,0.09836446280991736,0.09847190082644626
M0,4,dominant_predicted_class_ratio,5,0.15027272727272728,0.0030761680573979417,0.14645316014343185,0.1540922944020227,0.14909090909090908,0.14545454545454545,0.15272727272727274,0.15136363636363637,0.15272727272727274
M0,6,accuracy,5,0.9116363636363637,0.005870503378531981,0.904347170939907,0.9189255563328204,0.9168181818181819,0.9122727272727272,0.9177272727272727,0.9045454545454545,0.9068181818181819
M0,6,macro_f1,5,0.9049819725742229,0.007836030741709419,0.8952522553134243,0.9147116898350214,0.9138736184612658,0.9068206692586241,0.9104201392327961,0.8956961903700035,0.8980992455484249
M0,6,balanced_accuracy,5,0.9116363636363636,0.005870503378531981,0.9043471709399069,0.9189255563328202,0.9168181818181818,0.9122727272727271,0.9177272727272726,0.9045454545454544,0.9068181818181817
M0,6,prediction_concentration,5,0.14927272727272728,0.007046187645143897,0.14052372974916394,0.15802172479629062,0.13818181818181818,0.14681818181818182,0.15181818181818182,0.15363636363636363,0.1559090909090909
M0,6,normalized_prediction_entropy,5,0.9834224191550722,0.004390003668145723,0.9779715096483532,0.9888733286617912,0.9902219749359072,0.985244568910065,0.9816972130343825,0.9805975281037611,0.9793508107912458
M0,6,gini,5,0.11391735537190084,0.014889640241366292,0.09542942513799031,0.13240528560581138,0.08892561983471076,0.11223140495867767,0.11917355371900827,0.125702479338843,0.12355371900826449
M0,6,hhi,5,0.09763950413223141,0.0016433334796108914,0.09559903611355565,0.09967997215090717,0.09507272727272728,0.09700371900826445,0.09827066115702479,0.09869586776859504,0.09915454545454548
M0,6,dominant_predicted_class_ratio,5,0.14927272727272728,0.007046187645143897,0.14052372974916394,0.15802172479629062,0.13818181818181818,0.14681818181818182,0.15181818181818182,0.15363636363636363,0.1559090909090909
M0,8,accuracy,5,0.9041818181818183,0.005176632173639245,0.8977541803798672,0.9106094559837694,0.8963636363636364,0.9072727272727272,0.9077272727272727,0.9081818181818182,0.9013636363636364
M0,8,macro_f1,5,0.8978161054297757,0.004169676820388959,0.8926387678377541,0.9029934430217974,0.8928876885928559,0.9014456517890445,0.9000828589189559,0.9009705254859459,0.8936938023620766
M0,8,balanced_accuracy,5,0.9041818181818181,0.005176632173639143,0.8977541803798671,0.9106094559837691,0.8963636363636365,0.9072727272727271,0.9077272727272725,0.9081818181818181,0.9013636363636363
M0,8,prediction_concentration,5,0.1491818181818182,0.008133696871250392,0.139082499604484,0.1592811367591524,0.1368181818181818,0.14636363636363636,0.15363636363636363,0.1509090909090909,0.15818181818181817
M0,8,normalized_prediction_entropy,5,0.9837958589366235,0.004509404963495512,0.9781966931401297,0.9893950247331172,0.9907584558346622,0.9854307508560778,0.9811653752377584,0.9824655783547614,0.979159134399858
M0,8,gini,5,0.11343801652892563,0.013300727954306594,0.09692298147816072,0.12995305157969053,0.0933884297520661,0.10842975206611571,0.118099173553719,0.11859504132231406,0.12867768595041318
M0,8,hhi,5,0.09754057851239668,0.0017424212741838185,0.09537707674653831,0.09970408027825506,0.09486818181818181,0.09691198347107438,0.09852107438016527,0.09801033057851238,0.09939132231404958
M0,8,dominant_predicted_class_ratio,5,0.1491818181818182,0.008133696871250392,0.139082499604484,0.1592811367591524,0.1368181818181818,0.14636363636363636,0.15363636363636363,0.1509090909090909,0.15818181818181817
M0,10,accuracy,5,0.9176363636363636,0.0014156737729452101,0.9158785724792963,0.9193941547934309,0.9159090909090909,0.9190909090909091,0.9186363636363636,0.9181818181818182,0.9163636363636364
M0,10,macro_f1,5,0.9127019312823448,0.0013692338931944677,0.9110018028520448,0.9144020597126448,0.9134610175923094,0.9140767137197415,0.9123332811990317,0.9131114259885197,0.9105272179121215
M0,10,balanced_accuracy,5,0.9176363636363638,0.001415673772945235,0.9158785724792964,0.9193941547934312,0.915909090909091,0.9190909090909092,0.9186363636363637,0.9181818181818183,0.9163636363636364
M0,10,prediction_concentration,5,0.1431818181818182,0.008369069381600897,0.13279024603221493,0.15357339033142145,0.1290909090909091,0.14545454545454545,0.14863636363636365,0.14272727272727273,0.15
M0,10,normalized_prediction_entropy,5,0.9867627685520206,0.004020767941687786,0.981770325753695,0.9917552113503462,0.9935096404054083,0.9858475602340521,0.9838209103019787,0.9869729181796947,0.9836628136389692
M0,10,gini,5,0.10132231404958678,0.015135704247374765,0.08252885499816173,0.12011577310101182,0.07487603305785123,0.10355371900826443,0.10834710743801655,0.1071900826446281,0.11264462809917354
M0,10,hhi,5,0.09636388429752066,0.001588045738145962,0.09439206507696389,0.09833570351807742,0.09369380165289257,0.09673347107438017,0.0974818181818182,0.09629462809917355,0.09761570247933885
M0,10,dominant_predicted_class_ratio,5,0.1431818181818182,0.008369069381600897,0.13279024603221493,0.15357339033142145,0.1290909090909091,0.14545454545454545,0.14863636363636365,0.14272727272727273,0.15
M0,12,accuracy,5,0.9193636363636364,0.0031915435784621933,0.9154008116035615,0.9233264611237113,0.9231818181818182,0.9213636363636364,0.9154545454545454,0.92,0.9168181818181819
M0,12,macro_f1,5,0.9139584653637124,0.004873035706195015,0.9079077923653686,0.9200091383620562,0.9201099089685727,0.9168870564225365,0.9087339811515543,0.9146613871973407,0.9093999930785576
M0,12,balanced_accuracy,5,0.9193636363636364,0.003191543578462086,0.9154008116035616,0.9233264611237112,0.9231818181818181,0.9213636363636362,0.9154545454545455,0.9199999999999999,0.9168181818181819
M0,12,prediction_concentration,5,0.14454545454545453,0.006106831292065642,0.13696282198699244,0.15212808710391662,0.1359090909090909,0.14454545454545453,0.14909090909090908,0.14181818181818182,0.15136363636363637
M0,12,normalized_prediction_entropy,5,0.9859059186240188,0.003410458521071027,0.9816712750610376,0.990140562187,0.990713258279899,0.9863906626262935,0.9835278296331463,0.9870255885440271,0.981872254036728
M0,12,gini,5,0.1058677685950413,0.010526246139844856,0.09279770772696459,0.118937829463118,0.08785123966942146,0.10719008264462807,0.11041322314049586,0.10859504132231403,0.1152892561983471
M0,12,hhi,5,0.09668090909090907,0.0012942140976111938,0.09507393003993747,0.09828788814188066,0.09483264462809918,0.09654545454545455,0.09759173553719007,0.09625289256198347,0.09818181818181818
M0,12,dominant_predicted_class_ratio,5,0.14454545454545453,0.006106831292065642,0.13696282198699244,0.15212808710391662,0.1359090909090909,0.14454545454545453,0.14909090909090908,0.14181818181818182,0.15136363636363637
M0,14,accuracy,5,0.9125454545454545,0.005067723175334085,0.9062530451257793,0.9188378639651298,0.9118181818181819,0.9186363636363636,0.9168181818181819,0.9081818181818182,0.9072727272727272
M0,14,macro_f1,5,0.9074258620367679,0.005343614885206004,0.9007908878135419,0.9140608362599939,0.9103415430536056,0.9129409421072361,0.9101869624436528,0.9034184870615121,0.9002413755178335
M0,14,balanced_accuracy,5,0.9125454545454545,0.005067723175334127,0.9062530451257793,0.9188378639651298,0.9118181818181817,0.9186363636363637,0.9168181818181818,0.9081818181818182,0.9072727272727271
M0,14,prediction_concentration,5,0.14336363636363636,0.011108964439095608,0.12957003516228546,0.15715723756498726,0.12636363636363637,0.14772727272727273,0.14954545454545454,0.13863636363636364,0.15454545454545454
M0,14,normalized_prediction_entropy,5,0.986363526020457,0.0054650698085281,0.9795777455915373,0.9931493064493766,0.9946233868842997,0.984362503777532,0.9830052309784638,0.9888978394306059,0.9809286690313833
M0,14,gini,5,0.10145454545454546,0.02004184203126076,0.07656931174664199,0.12633977916244896,0.06925619834710744,0.10793388429752068,0.11289256198347107,0.09644628099173555,0.12074380165289256
M0,14,hhi,5,0.09649082644628097,0.0021481839341350633,0.09382350379374574,0.0991581490988162,0.09323925619834712,0.0972797520661157,0.09777066115702479,0.09551280991735536,0.09865165289256198
M0,14,dominant_predicted_class_ratio,5,0.14336363636363636,0.011108964439095608,0.12957003516228546,0.15715723756498726,0.12636363636363637,0.14772727272727273,0.14954545454545454,0.13863636363636364,0.15454545454545454
M0,16,accuracy,5,0.9236363636363636,0.0025103093220880173,0.9205194029267716,0.9267533243459556,0.9213636363636364,0.9236363636363636,0.9263636363636364,0.9259090909090909,0.9209090909090909
M0,16,macro_f1,5,0.9204907667376174,0.002722171744801285,0.9171107440851701,0.9238707893900647,0.9195350738451729,0.9200229924874066,0.9225726265610916,0.9236226275762557,0.9167005132181604
M0,16,balanced_accuracy,5,0.9236363636363635,0.002510309322087992,0.9205194029267715,0.9267533243459555,0.9213636363636364,0.9236363636363635,0.9263636363636363,0.9259090909090908,0.9209090909090908
M0,16,prediction_concentration,5,0.13627272727272727,0.00629344405048054,0.12845838437053592,0.14408707017491862,0.13,0.13863636363636364,0.14136363636363636,0.1290909090909091,0.14227272727272727
M0,16,normalized_prediction_entropy,5,0.9904256712599006,0.0026224319064806828,0.9871694919738826,0.9936818505459185,0.9931787795328315,0.9893935582027736,0.9883648921329149,0.9932936362990057,0.9878974901319768
M0,16,gini,5,0.08641322314049586,0.008468473698750069,0.07589822422902243,0.0969282220519693,0.07735537190082646,0.09033057851239668,0.09214876033057852,0.07727272727272727,0.09495867768595043
M0,16,hhi,5,0.0949393388429752,0.0010633161397401525,0.09361905747355086,0.09625962021239955,0.0938318181818182,0.09534917355371901,0.09578057851239669,0.09376983471074378,0.09596528925619835
M0,16,dominant_predicted_class_ratio,5,0.13627272727272727,0.00629344405048054,0.12845838437053592,0.14408707017491862,0.13,0.13863636363636364,0.14136363636363636,0.1290909090909091,0.14227272727272727
M0,18,accuracy,5,0.9148181818181819,0.004234841708673478,0.9095599313304303,0.9200764323059334,0.9081818181818182,0.9136363636363637,0.9181818181818182,0.9186363636363636,0.9154545454545454
M0,18,macro_f1,5,0.9098990411447551,0.003624864367659347,0.9053981775610608,0.9143999047284493,0.9051326635837889,0.9085671922780928,0.911562204180565,0.9148973447973325,0.9093358008839959
M0,18,balanced_accuracy,5,0.9148181818181819,0.004234841708673463,0.9095599313304303,0.9200764323059334,0.9081818181818182,0.9136363636363637,0.918181818181818,0.9186363636363637,0.9154545454545455
M0,18,prediction_concentration,5,0.1431818181818182,0.007136508394594357,0.13432067263537142,0.15204296372826495,0.13272727272727272,0.1459090909090909,0.14863636363636365,0.1390909090909091,0.14954545454545454
M0,18,normalized_prediction_entropy,5,0.9867921157391487,0.003700146295616028,0.9821977772957953,0.9913864541825022,0.9920698900486683,0.985485159187284,0.9836466226625186,0.9891150142401708,0.9836438925571017
M0,18,gini,5,0.10247933884297519,0.013564675071968119,0.08563657015878032,0.11932210752717007,0.0809090909090909,0.11619834710743801,0.10801652892561985,0.09867768595041322,0.10859504132231405
M0,18,hhi,5,0.09635933884297519,0.001439026570093522,0.09457255135843141,0.09814612632751897,0.09428016528925622,0.09692644628099173,0.09752809917355372,0.09547892561983469,0.09758305785123965
M0,18,dominant_predicted_class_ratio,5,0.1431818181818182,0.007136508394594357,0.13432067263537142,0.15204296372826495,0.13272727272727272,0.1459090909090909,0.14863636363636365,0.1390909090909091,0.14954545454545454
M1,-20,accuracy,5,0.10227272727272727,0.003214121732666125,0.09828186803143144,0.1062635865140231,0.1040909090909091,0.10318181818181818,0.09681818181818182,0.105,0.10227272727272728
M1,-20,macro_f1,5,0.0705956133646319,0.0033704103345159474,0.06641069619308954,0.07478053053617426,0.07299370264291527,0.07327631870942035,0.07278376362919861,0.0677712776149321,0.06615300422669315
M1,-20,balanced_accuracy,5,0.10227272727272727,0.0032141217326661195,0.09828186803143144,0.1062635865140231,0.1040909090909091,0.10318181818181818,0.09681818181818183,0.105,0.10227272727272725
M1,-20,prediction_concentration,5,0.3967272727272727,0.06995453068698526,0.3098672504620027,0.4835872949925427,0.44727272727272727,0.3845454545454545,0.32545454545454544,0.3381818181818182,0.48818181818181816
M1,-20,normalized_prediction_entropy,5,0.7342154478605911,0.046545040726743286,0.676422146495266,0.7920087492259162,0.7318389236151976,0.7443766195968601,0.8062647822797666,0.7037596159894338,0.6848372978216976
M1,-20,gini,5,0.5840661157024793,0.04317604057991493,0.5304559805294142,0.6376762508755445,0.5861157024793389,0.5763636363636363,0.5170247933884298,0.6090909090909091,0.6317355371900827
M1,-20,hhi,5,0.23476561983471073,0.0410367185239261,0.18381180383913018,0.28571943583029125,0.25465206611570246,0.22032933884297515,0.18701239669421485,0.21746570247933883,0.2943685950413223
M1,-20,dominant_predicted_class_ratio,5,0.3967272727272727,0.06995453068698526,0.3098672504620027,0.4835872949925427,0.44727272727272727,0.3845454545454545,0.32545454545454544,0.3381818181818182,0.48818181818181816
M1,-18,accuracy,5,0.11936363636363637,0.008531661983362155,0.10877017883405185,0.12995709389322088,0.11954545454545455,0.11363636363636363,0.12136363636363637,0.11,0.13227272727272726
M1,-18,macro_f1,5,0.09684639041902107,0.010988085921098891,0.08320287972162294,0.11048990111641921,0.09826201978140606,0.08946985606659012,0.10244482046206915,0.08297190396411525,0.11108335182092484
M1,-18,balanced_accuracy,5,0.11936363636363638,0.008531661983362153,0.10877017883405188,0.12995709389322088,0.11954545454545457,0.11363636363636362,0.12136363636363635,0.11000000000000001,0.13227272727272726
M1,-18,prediction_concentration,5,0.2439090909090909,0.04636764688536555,0.18633605309010762,0.30148212872807423,0.19545454545454546,0.20136363636363636,0.30636363636363634,0.26636363636363636,0.25
M1,-18,normalized_prediction_entropy,5,0.8413111942054708,0.05537674469822559,0.772551883975963,0.9100705044349787,0.8801800383324587,0.8469604508893817,0.8574295163067824,0.7453216569309952,0.8766643085677367
M1,-18,gini,5,0.45666115702479343,0.07123949205170532,0.3682056444938677,0.5451166695557191,0.39157024793388423,0.44818181818181824,0.4471074380165289,0.5771074380165289,0.41933884297520657
M1,-18,hhi,5,0.15868421487603307,0.02475860988501353,0.12794234033623994,0.1894260894158262,0.1334702479338843,0.14860330578512398,0.16318636363636363,0.19878099173553718,0.14938016528925618
M1,-18,dominant_predicted_class_ratio,5,0.2439090909090909,0.04636764688536555,0.18633605309010762,0.30148212872807423,0.19545454545454546,0.20136363636363636,0.30636363636363634,0.26636363636363636,0.25
M1,-16,accuracy,5,0.148,0.004964751789422964,0.1418354464430558,0.1541645535569442,0.14636363636363636,0.14954545454545454,0.14863636363636365,0.1409090909090909,0.15454545454545454
M1,-16,macro_f1,5,0.13319620671801125,0.007241462807092866,0.12420474305611247,0.14218767037991004,0.1295034729032773,0.13897323061793257,0.13241679096271347,0.12356362454445757,0.14152391456167537
M1,-16,balanced_accuracy,5,0.148,0.004964751789422964,0.1418354464430558,0.1541645535569442,0.14636363636363636,0.14954545454545454,0.14863636363636365,0.1409090909090909,0.15454545454545454
M1,-16,prediction_concentration,5,0.24581818181818185,0.04528422636001187,0.18959038826044522,0.3020459753759185,0.2586363636363636,0.21227272727272728,0.24681818181818183,0.31363636363636366,0.19772727272727272
M1,-16,normalized_prediction_entropy,5,0.8730045454388723,0.06331656686026362,0.7943866438786215,0.9516224469991231,0.8511797156864994,0.9127237206455687,0.9031893986522197,0.7717798295109466,0.926150062699127
M1,-16,gini,5,0.4126611570247934,0.08846306239077485,0.30281975728331484,0.5225025567662719,0.44388429752066116,0.3602479338842975,0.3768595041322315,0.5522314049586776,0.33008264462809916
M1,-16,hhi,5,0.1468594214876033,0.027292147296934896,0.11297174475532507,0.18074709821988155,0.1504690082644628,0.12869628099173552,0.13814173553719009,0.1923309917355372,0.1246590909090909
M1,-16,dominant_predicted_class_ratio,5,0.24581818181818185,0.04528422636001187,0.18959038826044522,0.3020459753759185,0.2586363636363636,0.21227272727272728,0.24681818181818183,0.31363636363636366,0.19772727272727272
M1,-14,accuracy,5,0.21354545454545454,0.009601566676570448,0.20162353487680404,0.22546737421410504,0.2240909090909091,0.2081818181818182,0.2109090909090909,0.2018181818181818,0.22272727272727272
M1,-14,macro_f1,5,0.19844250626243456,0.012144941132754699,0.18336257009758902,0.2135224424272801,0.2068166567349155,0.20063556182184564,0.1948416218051997,0.1795024488811132,0.21041624206909865
M1,-14,balanced_accuracy,5,0.21354545454545454,0.009601566676570432,0.20162353487680407,0.225467374214105,0.2240909090909091,0.2081818181818182,0.2109090909090909,0.20181818181818184,0.2227272727272727
M1,-14,prediction_concentration,5,0.19854545454545452,0.040331016712834164,0.148467883082174,0.24862302600873504,0.18818181818181817,0.15454545454545454,0.23772727272727273,0.24363636363636362,0.16863636363636364
M1,-14,normalized_prediction_entropy,5,0.9091269308405007,0.05566558838181465,0.8400089738079717,0.9782448878730297,0.8933757949753333,0.9612133987954293,0.9246159777173236,0.8205619728879573,0.9458675098264598
M1,-14,gini,5,0.34115702479338844,0.09603247108681212,0.22191696278634993,0.46039708680042696,0.36917355371900823,0.23785123966942148,0.32363636363636367,0.4895867768595041,0.2855371900826446
M1,-14,hhi,5,0.12789107438016528,0.020833538728218214,0.10202281938615289,0.15375932937417766,0.12879297520661157,0.1072293388429752,0.12825909090909093,0.16125413223140497,0.11391983471074382
M1,-14,dominant_predicted_class_ratio,5,0.19854545454545452,0.040331016712834164,0.148467883082174,0.24862302600873504,0.18818181818181817,0.15454545454545454,0.23772727272727273,0.24363636363636362,0.16863636363636364
M1,-12,accuracy,5,0.2913636363636364,0.010780492023301303,0.2779778875353803,0.3047493851918925,0.29772727272727273,0.28454545454545455,0.3018181818181818,0.2759090909090909,0.2968181818181818
M1,-12,macro_f1,5,0.277646258939093,0.01155870201275562,0.26329423478388897,0.29199828309429704,0.2811974856941616,0.2806445198490062,0.2857857894289579,0.2572887178330311,0.2833147818903083
M1,-12,balanced_accuracy,5,0.2913636363636364,0.010780492023301294,0.27797788753538033,0.30474938519189243,0.2977272727272727,0.28454545454545455,0.3018181818181818,0.2759090909090909,0.2968181818181818
M1,-12,prediction_concentration,5,0.18236363636363637,0.04693652298671733,0.12408424557016605,0.24064302715710667,0.15772727272727272,0.15,0.17636363636363636,0.26454545454545453,0.16318181818181818
M1,-12,normalized_prediction_entropy,5,0.9420981543820659,0.035992431129377264,0.8974076484408897,0.9867886603232421,0.9328131750223216,0.9672846803292994,0.9618914990071485,0.8828236080890051,0.9656778094625547
M1,-12,gini,5,0.2685123966942149,0.07520577149653415,0.17513209776982963,0.36189269561860016,0.28165289256198345,0.21818181818181817,0.2250413223140496,0.3947933884297521,0.2228925619834711
M1,-12,hhi,5,0.11508595041322314,0.016995625986629993,0.09398309349868836,0.13618880732775793,0.11370785123966944,0.1042595041322314,0.10704421487603305,0.14478801652892562,0.1056301652892562
M1,-12,dominant_predicted_class_ratio,5,0.18236363636363637,0.04693652298671733,0.12408424557016605,0.24064302715710667,0.15772727272727272,0.15,0.17636363636363636,0.26454545454545453,0.16318181818181818
M1,-10,accuracy,5,0.4046363636363637,0.004868094812905558,0.39859182556733636,0.410680901705391,0.4031818181818182,0.3972727272727273,0.40636363636363637,0.4059090909090909,0.41045454545454546
M1,-10,macro_f1,5,0.39276904252446937,0.008974993164579151,0.38162511662788656,0.4039129684210522,0.38118657924720467,0.39421284494418635,0.39610192669484506,0.3874628386889118,0.4048810230471988
M1,-10,balanced_accuracy,5,0.4046363636363637,0.0048680948129055535,0.39859182556733636,0.410680901705391,0.40318181818181825,0.3972727272727272,0.4063636363636363,0.4059090909090909,0.4104545454545454
M1,-10,prediction_concentration,5,0.16636363636363635,0.024028650254599222,0.1365281264170708,0.1961991463102019,0.16636363636363635,0.14727272727272728,0.15954545454545455,0.20727272727272728,0.15136363636363637
M1,-10,normalized_prediction_entropy,5,0.9592934431741698,0.02133290759399973,0.9328051398376926,0.9857817465106469,0.9531645804121592,0.9684706501525763,0.9708923208021143,0.9249811014290267,0.9789585630749721
M1,-10,gini,5,0.23710743801652892,0.06028887384535969,0.16224891387049728,0.31196596216256056,0.26173553719008263,0.21719008264462814,0.20834710743801654,0.32793388429752063,0.1703305785123967
M1,-10,hhi,5,0.10833239669421488,0.009334350705907784,0.09674226947608129,0.11992252391234846,0.11020867768595041,0.10427561983471074,0.10351528925619835,0.12368140495867769,0.09998099173553718
M1,-10,dominant_predicted_class_ratio,5,0.16636363636363635,0.024028650254599222,0.1365281264170708,0.1961991463102019,0.16636363636363635,0.14727272727272728,0.15954545454545455,0.20727272727272728,0.15136363636363637
M1,-8,accuracy,5,0.5270909090909089,0.007777908958620865,0.5174333595556829,0.536748458626135,0.5304545454545454,0.5131818181818182,0.5309090909090909,0.5304545454545454,0.5304545454545454
M1,-8,macro_f1,5,0.5116569456700948,0.011586035366769403,0.4972709826732617,0.5260429086669279,0.5129851948308132,0.49834275146057005,0.5223069450104648,0.5012886603862391,0.523361176662387
M1,-8,balanced_accuracy,5,0.5270909090909089,0.007777908958620877,0.5174333595556828,0.5367484586261351,0.5304545454545454,0.5131818181818182,0.5309090909090909,0.5304545454545454,0.5304545454545455
M1,-8,prediction_concentration,5,0.14518181818181816,0.017112293198528264,0.12393409979049848,0.16642953657313786,0.145,0.16863636363636364,0.1390909090909091,0.15136363636363637,0.12181818181818181
M1,-8,normalized_prediction_entropy,5,0.9720861636483796,0.016703456381931093,0.9513460832133689,0.9928262440833904,0.9721883388773688,0.9639649527986818,0.9859593760881179,0.9486596167282446,0.9896585337494853
M1,-8,gini,5,0.19127272727272726,0.05712832259756349,0.12033854582556214,0.2622069087198924,0.1962809917355372,0.23123966942148763,0.14495867768595042,0.26008264462809916,0.12380165289256198
M1,-8,hhi,5,0.10232561983471075,0.006440920106118441,0.09432816122363671,0.11032307844578479,0.10195661157024792,0.10644586776859505,0.09711487603305786,0.11082107438016531,0.0952896694214876
M1,-8,dominant_predicted_class_ratio,5,0.14518181818181816,0.017112293198528264,0.12393409979049848,0.16642953657313786,0.145,0.16863636363636364,0.1390909090909091,0.15136363636363637,0.12181818181818181
M1,-6,accuracy,5,0.6726363636363637,0.005226284491565394,0.6661470743388163,0.6791256529339111,0.6690909090909091,0.6681818181818182,0.6813636363636364,0.6727272727272727,0.6718181818181819
M1,-6,macro_f1,5,0.6608684560654674,0.010244587594643624,0.6481481204727535,0.6735887916581813,0.6581931288860369,0.6563622717622711,0.6765395379249021,0.6491831057705194,0.6640642359836076
M1,-6,balanced_accuracy,5,0.6726363636363637,0.005226284491565402,0.6661470743388163,0.6791256529339111,0.6690909090909092,0.6681818181818181,0.6813636363636364,0.6727272727272727,0.6718181818181818
M1,-6,prediction_concentration,5,0.12509090909090909,0.011928679240794103,0.11027949753149444,0.13990232065032374,0.1290909090909091,0.1390909090909091,0.10954545454545454,0.13136363636363638,0.11636363636363636
M1,-6,normalized_prediction_entropy,5,0.9867863494892145,0.008607450788551956,0.9760987877287589,0.9974739112496701,0.9878706002074301,0.9803524508371412,0.9967291592520583,0.9759934708206834,0.9929860663287595
M1,-6,gini,5,0.12763636363636366,0.046832771828899764,0.06948579692032737,0.18578693035239996,0.12933884297520662,0.16735537190082644,0.06644628099173555,0.17785123966942148,0.09719008264462813
M1,-6,hhi,5,0.09628338842975206,0.003388992638693057,0.09207539828010931,0.10049137857939482,0.09592561983471073,0.09899462809917355,0.09231363636363638,0.10036239669421487,0.0938206611570248
M1,-6,dominant_predicted_class_ratio,5,0.12509090909090909,0.011928679240794103,0.11027949753149444,0.13990232065032374,0.1290909090909091,0.1390909090909091,0.10954545454545454,0.13136363636363638,0.11636363636363636
M1,-4,accuracy,5,0.7876363636363637,0.007533670974173725,0.7782820756134194,0.7969906516593079,0.7895454545454546,0.7818181818181819,0.7840909090909091,0.7827272727272727,0.8
M1,-4,macro_f1,5,0.7772743038654001,0.00892973988936333,0.7661865673314536,0.7883620403993465,0.7758637104949511,0.7773379577544492,0.7830064166095002,0.7633664450709851,0.7867969893971153
M1,-4,balanced_accuracy,5,0.7876363636363637,0.007533670974173747,0.7782820756134194,0.7969906516593079,0.7895454545454546,0.7818181818181817,0.7840909090909091,0.7827272727272727,0.8
M1,-4,prediction_concentration,5,0.13236363636363638,0.019416594249028453,0.1082547503168875,0.15647252241038526,0.14636363636363636,0.11727272727272728,0.10590909090909091,0.14772727272727273,0.14454545454545453
M1,-4,normalized_prediction_entropy,5,0.9856809973125775,0.009957591899519953,0.9733170139421382,0.9980449806830168,0.9812092175835381,0.9940152784157633,0.9984382470282561,0.9755960151729057,0.9791462283624238
M1,-4,gini,5,0.12155371900826446,0.05129590355977291,0.057861442302762134,0.1852459957137668,0.15099173553719009,0.08933884297520663,0.046859504132231396,0.16479338842975208,0.15578512396694214
M1,-4,hhi,5,0.09665661157024794,0.0038662764326048956,0.09185599531677875,0.10145722782371712,0.0986623966942149,0.09346528925619835,0.0915995867768595,0.1002909090909091,0.09926487603305784
M1,-4,dominant_predicted_class_ratio,5,0.13236363636363638,0.019416594249028453,0.1082547503168875,0.15647252241038526,0.14636363636363636,0.11727272727272728,0.10590909090909091,0.14772727272727273,0.14454545454545453
M1,-2,accuracy,5,0.8603636363636363,0.0075746968954441395,0.8509584079312575,0.8697688647960151,0.8618181818181818,0.8563636363636363,0.8577272727272728,0.8727272727272727,0.8531818181818182
M1,-2,macro_f1,5,0.8544150020405279,0.006292403190691482,0.8466019515364638,0.862228052544592,0.854367938053646,0.8479781927599653,0.8566891054149589,0.8636931008932988,0.8493466730807707
M1,-2,balanced_accuracy,5,0.8603636363636363,0.007574696895444087,0.8509584079312575,0.8697688647960151,0.8618181818181818,0.8563636363636363,0.8577272727272728,0.8727272727272727,0.8531818181818184
M1,-2,prediction_concentration,5,0.12172727272727273,0.017422793088602773,0.1000940178010013,0.14336052765354415,0.12954545454545455,0.13863636363636364,0.0959090909090909,0.13227272727272726,0.11227272727272727
M1,-2,normalized_prediction_entropy,5,0.992338962020359,0.004890545154542338,0.9862665481703738,0.9984113758703441,0.9903813962646519,0.9880633072039847,0.9996376821154531,0.9886663491890303,0.9949460753286749
M1,-2,gini,5,0.08586776859504133,0.037973430474925685,0.03871752708603245,0.13301801010405023,0.10636363636363635,0.11239669421487603,0.02157024793388429,0.10793388429752068,0.08107438016528926
M1,-2,hhi,5,0.09405966942148761,0.0019861657960402045,0.09159351885808077,0.09652581998489444,0.09489380165289256,0.09585454545454546,0.09106446280991735,0.0954309917355372,0.09305454545454546
M1,-2,dominant_predicted_class_ratio,5,0.12172727272727273,0.017422793088602773,0.1000940178010013,0.14336052765354415,0.12954545454545455,0.13863636363636364,0.0959090909090909,0.13227272727272726,0.11227272727272727
M1,0,accuracy,5,0.9028181818181817,0.0060592801579938535,0.8952945917909704,0.9103417718453931,0.9054545454545454,0.9040909090909091,0.8922727272727272,0.9077272727272727,0.9045454545454545
M1,0,macro_f1,5,0.9006530493299134,0.006258856843867033,0.8928816521169725,0.9084244465428544,0.9017755003276153,0.9004593193810746,0.8905251987061708,0.9075450339859864,0.9029601942487201
M1,0,balanced_accuracy,5,0.9028181818181817,0.006059280157993863,0.8952945917909704,0.9103417718453931,0.9054545454545455,0.9040909090909092,0.8922727272727272,0.9077272727272727,0.9045454545454544
M1,0,prediction_concentration,5,0.1178181818181818,0.012663802779040985,0.10209399382709383,0.13354236980926976,0.12318181818181818,0.13227272727272726,0.11818181818181818,0.09772727272727273,0.11772727272727272
M1,0,normalized_prediction_entropy,5,0.9959395918511106,0.002838418466025331,0.9924152298300102,0.999463953872211,0.9943624838276521,0.9922497846120039,0.9965904169780617,0.9998361602832004,0.9966591135546351
M1,0,gini,5,0.05975206611570248,0.028443622889529327,0.024434643595289393,0.09506948863611557,0.07446280991735538,0.08966942148760332,0.061983471074380174,0.013719008264462816,0.058925619834710743
M1,0,hhi,5,0.09264909090909092,0.0012092411062322725,0.09114761976233421,0.09415056205584763,0.09327561983471075,0.09423801652892562,0.09239297520661158,0.09098140495867768,0.09235743801652892
M1,0,dominant_predicted_class_ratio,5,0.1178181818181818,0.012663802779040985,0.10209399382709383,0.13354236980926976,0.12318181818181818,0.13227272727272726,0.11818181818181818,0.09772727272727273,0.11772727272727272
M1,2,accuracy,5,0.9148181818181819,0.0024180792869582433,0.9118157398227635,0.9178206238136002,0.9168181818181819,0.9172727272727272,0.915,0.9136363636363637,0.9113636363636364
M1,2,macro_f1,5,0.909375081697432,0.00302654720282618,0.9056171269968184,0.9131330363980456,0.90992439701811,0.9122124181279667,0.9104779228008542,0.9100452705178393,0.9042154000223892
M1,2,balanced_accuracy,5,0.9148181818181819,0.002418079286958218,0.9118157398227636,0.9178206238136001,0.9168181818181818,0.9172727272727272,0.9149999999999999,0.9136363636363637,0.9113636363636364
M1,2,prediction_concentration,5,0.13527272727272727,0.007876893711702259,0.12549227193322895,0.14505318261222558,0.13636363636363635,0.1390909090909091,0.1368181818181818,0.12181818181818181,0.14227272727272727
M1,2,normalized_prediction_entropy,5,0.9896836475787987,0.0031113283865120424,0.9858204231346772,0.9935468720229201,0.9885324313586666,0.9887350428363846,0.9898473495174557,0.9948107472931208,0.9864926668883659
M1,2,gini,5,0.09469421487603305,0.0146366646258443,0.07652039535633962,0.11286803439572649,0.0968595041322314,0.10289256198347108,0.09760330578512398,0.06950413223140496,0.10661157024793387
M1,2,hhi,5,0.0951601652892562,0.0012453588656782752,0.0936138480208996,0.09670648255761279,0.09553553719008265,0.09560991735537189,0.09516652892561983,0.09308388429752065,0.09640495867768595
M1,2,dominant_predicted_class_ratio,5,0.13527272727272727,0.007876893711702259,0.12549227193322895,0.14505318261222558,0.13636363636363635,0.1390909090909091,0.1368181818181818,0.12181818181818181,0.14227272727272727
M1,4,accuracy,5,0.9145454545454544,0.002132007163556106,0.9118982180065544,0.9171926910843545,0.9154545454545454,0.9131818181818182,0.9177272727272727,0.9140909090909091,0.9122727272727272
M1,4,macro_f1,5,0.9083218320761469,0.002109002941123152,0.9057031590520485,0.9109405051002454,0.9086708943034005,0.9065230098258813,0.9116397389686566,0.9083044033887646,0.9064711138940318
M1,4,balanced_accuracy,5,0.9145454545454544,0.0021320071635560767,0.9118982180065544,0.9171926910843545,0.9154545454545455,0.9131818181818182,0.9177272727272726,0.9140909090909091,0.9122727272727272
M1,4,prediction_concentration,5,0.14354545454545456,0.002017485547379284,0.14104041537437728,0.14605049371653184,0.14272727272727273,0.1459090909090909,0.14545454545454545,0.14136363636363636,0.14227272727272727
M1,4,normalized_prediction_entropy,5,0.9862204526301512,0.0011218220641140081,0.9848275265607502,0.9876133786995522,0.9863323274533351,0.9846971974450313,0.9855299455198565,0.9873590065732825,0.9871837861592508
M1,4,gini,5,0.10611570247933884,0.005616187440671726,0.09914228472709262,0.11308912023158506,0.10272727272727272,0.11396694214876031,0.11016528925619834,0.10140495867768597,0.10231404958677687
M1,4,hhi,5,0.09654388429752066,0.0004321983576956141,0.09600723915668723,0.09708052943835409,0.09646115702479338,0.09711694214876034,0.09684752066115702,0.09609917355371901,0.09619462809917353
M1,4,dominant_predicted_class_ratio,5,0.14354545454545456,0.002017485547379284,0.14104041537437728,0.14605049371653184,0.14272727272727273,0.1459090909090909,0.14545454545454545,0.14136363636363636,0.14227272727272727
M1,6,accuracy,5,0.9229090909090909,0.0021222940963506708,0.9202739147360519,0.9255442670821299,0.92,0.9231818181818182,0.9259090909090909,0.9222727272727272,0.9231818181818182
M1,6,macro_f1,5,0.9174225993798475,0.00260951819508212,0.9141824545843563,0.9206627441753387,0.9145207144223536,0.9155818490825972,0.9204783815543944,0.9167382004189256,0.9197938514209668
M1,6,balanced_accuracy,5,0.922909090909091,0.002122294096350709,0.9202739147360519,0.9255442670821301,0.9199999999999999,0.9231818181818181,0.9259090909090909,0.9222727272727272,0.9231818181818183
M1,6,prediction_concentration,5,0.14300000000000002,0.006103447068313321,0.13542156951033305,0.150578430489667,0.14136363636363636,0.1509090909090909,0.145,0.14363636363636365,0.1340909090909091
M1,6,normalized_prediction_entropy,5,0.9862757522891992,0.003328486779713194,0.9821428900863322,0.9904086144920662,0.9872446025395546,0.9816998360935255,0.9854360074425922,0.9860654996754502,0.9909328156948732
M1,6,gini,5,0.10608264462809917,0.010388531660216676,0.09318357887140814,0.1189817103847902,0.10537190082644626,0.11743801652892563,0.11041322314049586,0.1078512396694215,0.0893388429752066
M1,6,hhi,5,0.09650322314049586,0.0012641799162290686,0.09493353645126199,0.09807290982972974,0.09614876033057852,0.09820991735537189,0.09685247933884297,0.09659710743801654,0.09470785123966943
M1,6,dominant_predicted_class_ratio,5,0.14300000000000002,0.006103447068313321,0.13542156951033305,0.150578430489667,0.14136363636363636,0.1509090909090909,0.145,0.14363636363636365,0.1340909090909091
M1,8,accuracy,5,0.9110909090909092,0.009982422568223523,0.8986960943730893,0.9234857238087291,0.9063636363636364,0.9222727272727272,0.9154545454545454,0.915,0.8963636363636364
M1,8,macro_f1,5,0.9061598161363872,0.007426604433307052,0.8969384687826494,0.915381163490125,0.9008752853526939,0.9147777088363714,0.9089081699911481,0.9099151480352958,0.8963227684664264
M1,8,balanced_accuracy,5,0.9110909090909092,0.009982422568223459,0.8986960943730894,0.923485723808729,0.9063636363636364,0.9222727272727272,0.9154545454545453,0.9149999999999999,0.8963636363636365
M1,8,prediction_concentration,5,0.13518181818181818,0.021724705059387006,0.10820703403798217,0.16215660232565418,0.1390909090909091,0.15136363636363637,0.14681818181818182,0.14136363636363636,0.09727272727272727
M1,8,normalized_prediction_entropy,5,0.9882535190105116,0.006990766638725039,0.9795733357553628,0.9969337022656605,0.9882356170766236,0.9815978018416324,0.9840832413780922,0.9875518198725765,0.9997991148836338
M1,8,gini,5,0.09236363636363636,0.04285251876921341,0.03915520657555299,0.14557206615171972,0.10438016528925621,0.1171900826446281,0.11950413223140495,0.10396694214876033,0.01677685950413224
M1,8,hhi,5,0.09569380165289257,0.0028129159225430012,0.0922011052218968,0.09918649808388834,0.0957714876033058,0.09826735537190083,0.09737603305785124,0.09605702479338843,0.09099710743801653
M1,8,dominant_predicted_class_ratio,5,0.13518181818181818,0.021724705059387006,0.10820703403798217,0.16215660232565418,0.1390909090909091,0.15136363636363637,0.14681818181818182,0.14136363636363636,0.09727272727272727
M1,10,accuracy,5,0.9204545454545455,0.006990252954195309,0.9117750000229837,0.9291340908861073,0.9140909090909091,0.9272727272727272,0.9240909090909091,0.925,0.9118181818181819
M1,10,macro_f1,5,0.9166889202398594,0.005580973211200642,0.9097592267285719,0.9236186137511468,0.9097755368459205,0.9222785799373404,0.9190258760270857,0.9206306297482642,0.9117339786406855
M1,10,balanced_accuracy,5,0.9204545454545455,0.006990252954195316,0.9117750000229837,0.9291340908861073,0.9140909090909091,0.9272727272727274,0.9240909090909092,0.925,0.911818181818182
M1,10,prediction_concentration,5,0.132,0.018809066742811492,0.10864545898563924,0.15535454101436078,0.1340909090909091,0.14363636363636365,0.14363636363636365,0.13954545454545456,0.09909090909090909
M1,10,normalized_prediction_entropy,5,0.990096557420007,0.005571935507336685,0.9831780857002338,0.9970150291397802,0.9899843172103109,0.9863400265649497,0.9860330425303472,0.9884909409905166,0.9996344598039104
M1,10,gini,5,0.08761983471074382,0.03767894490490566,0.04083524533201931,0.13440442408946834,0.10198347107438016,0.10206611570247937,0.11347107438016532,0.09966942148760331,0.020909090909090912
M1,10,hhi,5,0.0950000826446281,0.002287495022487378,0.09215978242913521,0.09784038286012099,0.09508553719008266,0.09650165289256199,0.09665578512396694,0.09568842975206612,0.0910690082644628
M1,10,dominant_predicted_class_ratio,5,0.132,0.018809066742811492,0.10864545898563924,0.15535454101436078,0.1340909090909091,0.14363636363636365,0.14363636363636365,0.13954545454545456,0.09909090909090909
M1,12,accuracy,5,0.9242727272727272,0.0009425655160603477,0.9231023776054867,0.9254430769399677,0.9240909090909091,0.9231818181818182,0.9254545454545454,0.925,0.9236363636363636
M1,12,macro_f1,5,0.9204990062787661,0.0022651835631781352,0.9176864093990449,0.9233116031584874,0.9203162547619048,0.9171699696433134,0.9210674393161483,0.9204290033443366,0.9235123643281277
M1,12,balanced_accuracy,5,0.9242727272727272,0.000942565516060345,0.9231023776054867,0.9254430769399677,0.924090909090909,0.9231818181818181,0.9254545454545454,0.9249999999999999,0.9236363636363637
M1,12,prediction_concentration,5,0.13163636363636363,0.019395833240864847,0.10755325578601792,0.15571947148670934,0.13363636363636364,0.145,0.14045454545454544,0.14136363636363636,0.09772727272727273
M1,12,normalized_prediction_entropy,5,0.9901308822787046,0.0056972666388447,0.9830567914050837,0.9972049731523255,0.9907687378354916,0.9852607456603025,0.9873341274092112,0.9875962355348665,0.9996945649536506
M1,12,gini,5,0.08606611570247934,0.03720259660902623,0.03987299085335403,0.13225924055160465,0.09198347107438015,0.10388429752066114,0.11123966942148761,0.1025619834710744,0.0206611570247934
M1,12,hhi,5,0.09497223140495867,0.002325786267077373,0.09208438632961197,0.09786007648030537,0.09475661157024792,0.09687685950413223,0.09614876033057851,0.09603677685950414,0.09104214876033057
M1,12,dominant_predicted_class_ratio,5,0.13163636363636363,0.019395833240864847,0.10755325578601792,0.15571947148670934,0.13363636363636364,0.145,0.14045454545454544,0.14136363636363636,0.09772727272727273
M1,14,accuracy,5,0.9165454545454546,0.0046864496068298005,0.9107264587892578,0.9223644503016513,0.9131818181818182,0.92,0.9190909090909091,0.9204545454545454,0.91
M1,14,macro_f1,5,0.9124981737408445,0.003159749800730464,0.908574826169946,0.916421521311743,0.9087260363980719,0.9138554452279766,0.9140758334394422,0.9161591063824325,0.9096744472562996
M1,14,balanced_accuracy,5,0.9165454545454544,0.0046864496068297805,0.9107264587892577,0.9223644503016512,0.9131818181818182,0.9199999999999999,0.9190909090909091,0.9204545454545454,0.91
M1,14,prediction_concentration,5,0.13427272727272727,0.01750324645211957,0.11253957630144262,0.1560058782440119,0.13818181818181818,0.14727272727272728,0.1431818181818182,0.1390909090909091,0.10363636363636364
M1,14,normalized_prediction_entropy,5,0.9891574703055352,0.005800981151564331,0.9819546008553792,0.9963603397556913,0.9883862839339181,0.9841642852086702,0.9857405708813329,0.9884918792454211,0.9990043322583341
M1,14,gini,5,0.09575206611570249,0.03371650655117514,0.05388749378590696,0.137616638445498,0.10950413223140497,0.11107438016528924,0.11950413223140498,0.1022314049586777,0.03644628099173553
M1,14,hhi,5,0.09537280991735536,0.0023584307273113296,0.09244443139099537,0.09830118844371535,0.09574090909090907,0.09732768595041322,0.09677190082644627,0.0956805785123967,0.09134297520661157
M1,14,dominant_predicted_class_ratio,5,0.13427272727272727,0.01750324645211957,0.11253957630144262,0.1560058782440119,0.13818181818181818,0.14727272727272728,0.1431818181818182,0.1390909090909091,0.10363636363636364
M1,16,accuracy,5,0.925,0.0040782632829378185,0.9199361673063798,0.9300638326936203,0.9295454545454546,0.9272727272727272,0.9268181818181818,0.9204545454545454,0.9209090909090909
M1,16,macro_f1,5,0.9216296807046989,0.003632820317663991,0.9171189385043124,0.9261404229050854,0.9266507209414019,0.9223582684077095,0.9228780945696756,0.9174224871490417,0.9188388324556658
M1,16,balanced_accuracy,5,0.925,0.004078263282937834,0.9199361673063798,0.9300638326936203,0.9295454545454546,0.9272727272727272,0.9268181818181817,0.9204545454545454,0.9209090909090908
M1,16,prediction_concentration,5,0.1336363636363636,0.007019747823400228,0.12492019548757831,0.1423525317851489,0.13090909090909092,0.14181818181818182,0.13954545454545456,0.13136363636363638,0.12454545454545454
M1,16,normalized_prediction_entropy,5,0.9907193472637139,0.0031450060823573706,0.9868143064371189,0.994624388090309,0.9921919183417858,0.9871591657574547,0.9877446795824626,0.9920137734471006,0.9944871991897664
M1,16,gini,5,0.08970247933884298,0.01544621245269982,0.07052347342771896,0.108881485249967,0.08181818181818183,0.10008264462809914,0.11107438016528928,0.08239669421487604,0.07314049586776859
M1,16,hhi,5,0.09477495867768596,0.0012595154049841444,0.09321106374413411,0.0963388536112378,0.09418966942148761,0.09617396694214876,0.09599173553719008,0.09426157024793388,0.09325785123966944
M1,16,dominant_predicted_class_ratio,5,0.1336363636363636,0.007019747823400228,0.12492019548757831,0.1423525317851489,0.13090909090909092,0.14181818181818182,0.13954545454545456,0.13136363636363638,0.12454545454545454
M1,18,accuracy,5,0.9154545454545454,0.0021076405671580714,0.9128375640411515,0.9180715268679394,0.9136363636363637,0.915,0.9163636363636364,0.9186363636363636,0.9136363636363637
M1,18,macro_f1,5,0.9110785474368905,0.001711119596005551,0.9089539118379095,0.9132031830358716,0.909712603497482,0.9114488011637001,0.9107963888108072,0.9138166107394382,0.9096183329730251
M1,18,balanced_accuracy,5,0.9154545454545456,0.002107640567158167,0.9128375640411516,0.9180715268679397,0.9136363636363636,0.9149999999999999,0.9163636363636364,0.9186363636363637,0.9136363636363636
M1,18,prediction_concentration,5,0.13790909090909093,0.0049124567585841035,0.1318094702092243,0.14400871160895756,0.13454545454545455,0.13272727272727272,0.14454545454545453,0.14136363636363636,0.13636363636363635
M1,18,normalized_prediction_entropy,5,0.9888937648250777,0.0026028968268266618,0.9856618415441682,0.9921256881059872,0.9903528566256145,0.9914931245429073,0.9849594462143844,0.9876637727915238,0.9899996239509589
M1,18,gini,5,0.0983801652892562,0.014321100319113506,0.08059817060834851,0.11616215997016388,0.0966115702479339,0.08305785123966941,0.1209917355371901,0.10090909090909089,0.09033057851239669
M1,18,hhi,5,0.09551272727272726,0.0010348012726747926,0.09422785178715154,0.09679760275830299,0.09493760330578514,0.0944698347107438,0.09707148760330578,0.09600785123966943,0.09507685950413222
M1,18,dominant_predicted_class_ratio,5,0.13790909090909093,0.0049124567585841035,0.1318094702092243,0.14400871160895756,0.13454545454545455,0.13272727272727272,0.14454545454545453,0.14136363636363636,0.13636363636363635
M2,-20,accuracy,5,0.09863636363636363,0.0051526291130702855,0.09223852957056766,0.1050341977021596,0.09954545454545455,0.10454545454545454,0.10136363636363636,0.09681818181818182,0.09090909090909091
M2,-20,macro_f1,5,0.08210948055323235,0.0022418774484391007,0.0793258220371206,0.08489313906934409,0.08252838491691894,0.08443652923003139,0.07838809703547288,0.08228979217207748,0.08290459941166108
M2,-20,balanced_accuracy,5,0.09863636363636365,0.005152629113070285,0.09223852957056769,0.1050341977021596,0.09954545454545455,0.10454545454545455,0.10136363636363636,0.09681818181818182,0.09090909090909093
M2,-20,prediction_concentration,5,0.25727272727272726,0.05841130169144715,0.1847455168742387,0.32979993767121585,0.27954545454545454,0.27545454545454545,0.3327272727272727,0.21363636363636362,0.185
M2,-20,normalized_prediction_entropy,5,0.8642764346761982,0.04461985861123936,0.80887356263368,0.9196793067187163,0.8677982592601072,0.8182659367403197,0.822381347479621,0.8903616376414396,0.9225749922595039
M2,-20,gini,5,0.43099173553719006,0.07409361700121259,0.33899235881008605,0.5229911122642941,0.4272727272727272,0.5069421487603305,0.4944628099173553,0.4014876033057851,0.32479338842975203
M2,-20,hhi,5,0.15597999999999998,0.024635356288370505,0.12539116501380762,0.18656883498619234,0.1568103305785124,0.17925909090909095,0.17993842975206611,0.1407702479338843,0.12312190082644626
M2,-20,dominant_predicted_class_ratio,5,0.25727272727272726,0.05841130169144715,0.1847455168742387,0.32979993767121585,0.27954545454545454,0.27545454545454545,0.3327272727272727,0.21363636363636362,0.185
M2,-18,accuracy,5,0.11436363636363636,0.006035364101254434,0.10686974204305731,0.12185753068421541,0.11681818181818182,0.10363636363636364,0.11818181818181818,0.11681818181818182,0.11636363636363636
M2,-18,macro_f1,5,0.09538698442294359,0.005694389560110315,0.08831646591440724,0.10245750293147994,0.096936012226452,0.09198974760055213,0.10024814113092911,0.0872625874427896,0.1004984337139951
M2,-18,balanced_accuracy,5,0.11436363636363636,0.006035364101254443,0.1068697420430573,0.12185753068421543,0.11681818181818183,0.10363636363636362,0.11818181818181818,0.11681818181818183,0.11636363636363636
M2,-18,prediction_concentration,5,0.2165454545454545,0.03460610704237186,0.17357629731295565,0.2595146117779534,0.23636363636363636,0.18409090909090908,0.20227272727272727,0.2672727272727273,0.19272727272727272
M2,-18,normalized_prediction_entropy,5,0.8830257521864604,0.04850403814752922,0.8228000342511714,0.9432514701217494,0.8806450255739428,0.9199533264764136,0.8824514390059863,0.8049499732415295,0.9271289966344297
M2,-18,gini,5,0.4021652892561984,0.07834870713574171,0.30488252029993756,0.4994480582124592,0.417603305785124,0.33892561983471076,0.4115702479338843,0.5200826446280992,0.32264462809917355
M2,-18,hhi,5,0.1426002479338843,0.022578554593589196,0.11456526956354637,0.1706352263042222,0.1465904958677686,0.12310413223140496,0.14324256198347107,0.1777111570247934,0.12235289256198346
M2,-18,dominant_predicted_class_ratio,5,0.2165454545454545,0.03460610704237186,0.17357629731295565,0.2595146117779534,0.23636363636363636,0.18409090909090908,0.20227272727272727,0.2672727272727273,0.19272727272727272
M2,-16,accuracy,5,0.16354545454545458,0.007992765323757554,0.15362112559685337,0.17346978349405578,0.16545454545454547,0.16545454545454547,0.17136363636363636,0.15,0.16545454545454547
M2,-16,macro_f1,5,0.13682380754947304,0.005234290623255796,0.1303245773264408,0.1433230377725053,0.13652613643927067,0.14404167753160846,0.1396768688149779,0.13106922797064058,0.13280512699086755
M2,-16,balanced_accuracy,5,0.16354545454545455,0.007992765323757539,0.15362112559685337,0.17346978349405573,0.16545454545454547,0.16545454545454544,0.17136363636363636,0.15000000000000002,0.16545454545454544
M2,-16,prediction_concentration,5,0.19472727272727272,0.012063023208367786,0.179749051099946,0.20970549435459945,0.18,0.20909090909090908,0.19590909090909092,0.18545454545454546,0.20318181818181819
M2,-16,normalized_prediction_entropy,5,0.8859459820229665,0.0310358925296747,0.8474098316167482,0.9244821324291848,0.9009152606004313,0.8759450473687335,0.87323374564085,0.9306665733726812,0.8489692831321366
M2,-16,gini,5,0.39137190082644624,0.05047813190306737,0.32869502174582665,0.4540487799070658,0.37157024793388427,0.4162809917355371,0.4020661157024794,0.31661157024793385,0.45033057851239666
M2,-16,hhi,5,0.1358714876033058,0.011403917277882484,0.12171165408086526,0.15003132112574635,0.13156446280991738,0.14173388429752065,0.13723884297520664,0.11922561983471075,0.14959462809917354
M2,-16,dominant_predicted_class_ratio,5,0.19472727272727272,0.012063023208367786,0.179749051099946,0.20970549435459945,0.18,0.20909090909090908,0.19590909090909092,0.18545454545454546,0.20318181818181819
M2,-14,accuracy,5,0.219,0.009405906356123544,0.20732102470712543,0.23067897529287457,0.21636363636363637,0.20545454545454545,0.21727272727272728,0.22818181818181818,0.22772727272727272
M2,-14,macro_f1,5,0.19827778717490085,0.005746711572677773,0.19114230230704593,0.20541327204275578,0.1988568017376642,0.19452293474359444,0.1906147283817222,0.20337998917878386,0.20401448183273949
M2,-14,balanced_accuracy,5,0.21900000000000003,0.00940590635612355,0.20732102470712546,0.2306789752928746,0.2163636363636364,0.20545454545454545,0.21727272727272728,0.2281818181818182,0.22772727272727272
M2,-14,prediction_concentration,5,0.1940909090909091,0.015164388470556612,0.1752618338722427,0.21291998430957548,0.1990909090909091,0.18818181818181817,0.2159090909090909,0.19272727272727272,0.17454545454545456
M2,-14,normalized_prediction_entropy,5,0.920126335267,0.020388423536330868,0.8948107637818077,0.9454419067521924,0.9349152441092519,0.9407259769516017,0.9097460965826828,0.8903126875975802,0.9249316710938837
M2,-14,gini,5,0.3357685950413223,0.03728181524141264,0.28947710726837583,0.38206008281426873,0.3119834710743801,0.2956198347107438,0.3569421487603306,0.3889256198347107,0.3253719008264463
M2,-14,hhi,5,0.12438595041322316,0.008170741437654725,0.11424063493145561,0.1345312658949907,0.11990785123966943,0.11631198347107438,0.12832396694214876,0.1367301652892562,0.12065578512396696
M2,-14,dominant_predicted_class_ratio,5,0.1940909090909091,0.015164388470556612,0.1752618338722427,0.21291998430957548,0.1990909090909091,0.18818181818181817,0.2159090909090909,0.19272727272727272,0.17454545454545456
M2,-12,accuracy,5,0.3001818181818182,0.007724598467726551,0.2905904623638622,0.3097731739997742,0.3004545454545455,0.2868181818181818,0.3059090909090909,0.30363636363636365,0.3040909090909091
M2,-12,macro_f1,5,0.2797900721567862,0.008269043061558326,0.2695226990876526,0.2900574452259198,0.27488849026999773,0.26759646114310986,0.2841727793784434,0.28677355873357324,0.28551907125880666
M2,-12,balanced_accuracy,5,0.3001818181818182,0.007724598467726575,0.29059046236386216,0.3097731739997743,0.3004545454545455,0.28681818181818175,0.3059090909090909,0.30363636363636365,0.3040909090909091
M2,-12,prediction_concentration,5,0.19672727272727272,0.06816772581636568,0.11208586174166615,0.28136868371287926,0.2059090909090909,0.3109090909090909,0.14454545454545453,0.17136363636363636,0.1509090909090909
M2,-12,normalized_prediction_entropy,5,0.9356532444772647,0.03419463006231326,0.8931950033969942,0.9781114855575352,0.9261008766047227,0.8893151086807692,0.9738203562247136,0.9242069049646109,0.9648229759115068
M2,-12,gini,5,0.29082644628099175,0.07466764920351651,0.19811431443447736,0.38353857812750614,0.3316528925619835,0.3803305785123967,0.1990909090909091,0.3131404958677686,0.22991735537190083
M2,-12,hhi,5,0.12157,0.020439684092390845,0.0961907801278201,0.1469492198721799,0.12606322314049587,0.15365702479338844,0.1023797520661157,0.12001239669421487,0.10573760330578513
M2,-12,dominant_predicted_class_ratio,5,0.19672727272727272,0.06816772581636568,0.11208586174166615,0.28136868371287926,0.2059090909090909,0.3109090909090909,0.14454545454545453,0.17136363636363636,0.1509090909090909
M2,-10,accuracy,5,0.4126363636363637,0.006309837524594189,0.4048016655475599,0.42047106172516746,0.4127272727272727,0.415,0.4018181818181818,0.4159090909090909,0.4177272727272727
M2,-10,macro_f1,5,0.39490936012499056,0.00509909751706461,0.38857799431472123,0.4012407259352599,0.3975285885618222,0.3933953207654282,0.3869470903243208,0.3963450393819905,0.40033076159139097
M2,-10,balanced_accuracy,5,0.4126363636363636,0.006309837524594183,0.4048016655475598,0.42047106172516735,0.4127272727272727,0.415,0.4018181818181818,0.41590909090909084,0.4177272727272727
M2,-10,prediction_concentration,5,0.1797272727272727,0.04924911376473255,0.11857642122216286,0.24087812423238256,0.16772727272727272,0.2636363636363636,0.13363636363636364,0.17227272727272727,0.16136363636363638
M2,-10,normalized_prediction_entropy,5,0.9576704392169356,0.018522979425669286,0.934671122524613,0.9806697559092582,0.9576566689670301,0.9323997869936249,0.9792341142336531,0.948087846704746,0.9709737791856236
M2,-10,gini,5,0.23639669421487602,0.047806920768681226,0.17703656183142474,0.2957568265983273,0.24677685950413225,0.28991735537190083,0.17049586776859504,0.2676033057851239,0.20719008264462813
M2,-10,hhi,5,0.1106596694214876,0.0114165685218644,0.09648412730486221,0.12483521153811299,0.1090710743801653,0.1289285123966942,0.09929297520661157,0.11257231404958677,0.10343347107438017
M2,-10,dominant_predicted_class_ratio,5,0.1797272727272727,0.04924911376473255,0.11857642122216286,0.24087812423238256,0.16772727272727272,0.2636363636363636,0.13363636363636364,0.17227272727272727,0.16136363636363638
M2,-8,accuracy,5,0.5333636363636363,0.005949164813944142,0.5259767725947813,0.5407505001324913,0.5354545454545454,0.5404545454545454,0.524090909090909,0.5340909090909091,0.5327272727272727
M2,-8,macro_f1,5,0.5215820525118676,0.00489184040693689,0.5155080303936156,0.5276560746301197,0.5241034698636539,0.5262815150813122,0.5136161107595448,0.5206233941477115,0.523285772707116
M2,-8,balanced_accuracy,5,0.5333636363636363,0.005949164813944096,0.5259767725947813,0.5407505001324913,0.5354545454545454,0.5404545454545454,0.5240909090909092,0.5340909090909091,0.5327272727272728
M2,-8,prediction_concentration,5,0.15627272727272729,0.019365983639207423,0.13222668259812032,0.18031877194733426,0.165,0.18409090909090908,0.13318181818181818,0.15318181818181817,0.1459090909090909
M2,-8,normalized_prediction_entropy,5,0.9722821970410698,0.006749499871927962,0.9639015860442159,0.9806628080379236,0.9708809457800506,0.9701953169499328,0.9703163948661153,0.9661444205251158,0.9838739070841341
M2,-8,gini,5,0.19664462809917355,0.02463292425971517,0.1660588128754051,0.22723044332294198,0.20826446280991737,0.20049586776859502,0.19785123966942153,0.22099173553719006,0.1556198347107438
M2,-8,hhi,5,0.10296933884297518,0.0029416220045679546,0.09931683270357916,0.1066218449823712,0.10409752066115703,0.10521652892561982,0.10235206611570247,0.10506198347107439,0.0981185950413223
M2,-8,dominant_predicted_class_ratio,5,0.15627272727272729,0.019365983639207423,0.13222668259812032,0.18031877194733426,0.165,0.18409090909090908,0.13318181818181818,0.15318181818181817,0.1459090909090909
M2,-6,accuracy,5,0.6694545454545454,0.0038354587472234415,0.6646921944115224,0.6742168964975684,0.6668181818181819,0.6759090909090909,0.6695454545454546,0.6663636363636364,0.6686363636363636
M2,-6,macro_f1,5,0.6583861354846544,0.00952413502041878,0.6465603599157688,0.67021191105354,0.646122333221681,0.671528316931481,0.6553441994614588,0.6557179173340405,0.6632179104746105
M2,-6,balanced_accuracy,5,0.6694545454545454,0.0038354587472234415,0.6646921944115224,0.6742168964975684,0.6668181818181819,0.6759090909090909,0.6695454545454546,0.6663636363636364,0.6686363636363636
M2,-6,prediction_concentration,5,0.13,0.014434949552909472,0.1120766428242648,0.1479233571757352,0.14227272727272727,0.11727272727272728,0.14363636363636365,0.13454545454545455,0.11227272727272727
M2,-6,normalized_prediction_entropy,5,0.9838045759727516,0.013352634602213032,0.9672250903060139,1.0003840616394895,0.9717396696908509,0.9964450093682101,0.9692259801893133,0.9838329308979388,0.9977792897174452
M2,-6,gini,5,0.13183471074380165,0.06514772818189288,0.050943122095580495,0.2127262993920228,0.18297520661157024,0.07239669421487603,0.19768595041322315,0.1522314049586777,0.05388429752066116
M2,-6,hhi,5,0.09737223140495868,0.0051229646730370625,0.09101123060637885,0.10373323220353851,0.10184669421487605,0.09249917355371902,0.10294793388429753,0.09767520661157025,0.09189214876033058
M2,-6,dominant_predicted_class_ratio,5,0.13,0.014434949552909472,0.1120766428242648,0.1479233571757352,0.14227272727272727,0.11727272727272728,0.14363636363636365,0.13454545454545455,0.11227272727272727
M2,-4,accuracy,5,0.7920909090909091,0.006723586213491126,0.783742474150798,0.8004393440310201,0.7904545454545454,0.7909090909090909,0.7827272727272727,0.8009090909090909,0.7954545454545454
M2,-4,macro_f1,5,0.780117536881173,0.013534049036735628,0.7633127954423341,0.796922278320012,0.7726119402664507,0.7840337703447477,0.7614099976997799,0.7856774677068654,0.7968545083880216
M2,-4,balanced_accuracy,5,0.7920909090909091,0.00672358621349112,0.783742474150798,0.8004393440310201,0.7904545454545455,0.7909090909090909,0.7827272727272727,0.8009090909090909,0.7954545454545454
M2,-4,prediction_concentration,5,0.13636363636363638,0.022881296270278583,0.1079527545525974,0.16477451817467537,0.14863636363636365,0.12954545454545455,0.15318181818181817,0.15136363636363637,0.09909090909090909
M2,-4,normalized_prediction_entropy,5,0.9830134994137554,0.012409909295484337,0.9676045618205782,0.9984224370069326,0.9788480413854707,0.9907094336985863,0.9668287733870935,0.9794049669323776,0.9992762816652488
M2,-4,gini,5,0.12447933884297521,0.06115572368506506,0.04854447845913269,0.20041419922681775,0.14834710743801652,0.10793388429752065,0.19561983471074382,0.13991735537190084,0.0305785123966942
M2,-4,hhi,5,0.09755661157024795,0.004683504707429258,0.09174127238961519,0.10337195075088071,0.09917933884297521,0.09484958677685949,0.10351239669421489,0.0990223140495868,0.09121942148760331
M2,-4,dominant_predicted_class_ratio,5,0.13636363636363638,0.022881296270278583,0.1079527545525974,0.16477451817467537,0.14863636363636365,0.12954545454545455,0.15318181818181817,0.15136363636363637,0.09909090909090909
M2,-2,accuracy,5,0.863181818181818,0.007092948424694212,0.8543747594817591,0.871988876881877,0.875,0.8631818181818182,0.8595454545454545,0.8618181818181818,0.8563636363636363
M2,-2,macro_f1,5,0.8555800512780145,0.007771597075645091,0.8459303389806403,0.8652297635753887,0.8635064861679882,0.8610243967724336,0.8437049034083919,0.8529635427958254,0.8567009272454336
M2,-2,balanced_accuracy,5,0.863181818181818,0.007092948424694212,0.8543747594817591,0.871988876881877,0.875,0.8631818181818183,0.8595454545454545,0.8618181818181818,0.8563636363636363
M2,-2,prediction_concentration,5,0.13118181818181818,0.01332058619314201,0.11464212587082362,0.14772151049281274,0.13636363636363635,0.11090909090909092,0.14727272727272728,0.13318181818181818,0.12818181818181817
M2,-2,normalized_prediction_entropy,5,0.9887757331125957,0.007511236966891894,0.9794493005888288,0.9981021656363626,0.9855441358428327,0.9970202763004947,0.9778832879018492,0.989335420662534,0.9940955448552677
M2,-2,gini,5,0.10274380165289257,0.033001522257000274,0.0617669995804551,0.14372060372533005,0.11661157024793387,0.06231404958677688,0.15016528925619838,0.09793388429752065,0.08669421487603303
M2,-2,hhi,5,0.09534462809917355,0.0027553756345812985,0.0919233773721861,0.09876587882616099,0.0965,0.09217851239669421,0.09931074380165289,0.09519380165289255,0.0935400826446281
M2,-2,dominant_predicted_class_ratio,5,0.13118181818181818,0.01332058619314201,0.11464212587082362,0.14772151049281274,0.13636363636363635,0.11090909090909092,0.14727272727272728,0.13318181818181818,0.12818181818181817
M2,0,accuracy,5,0.9024545454545454,0.00577290622485695,0.8952865356301342,0.9096225552789566,0.9027272727272727,0.9068181818181819,0.9,0.9086363636363637,0.894090909090909
M2,0,macro_f1,5,0.8986615465198315,0.0070595432849124996,0.8898959657791946,0.9074271272604685,0.8987952989736844,0.903997983337219,0.8883200321538329,0.9061982547673474,0.8959961633670741
M2,0,balanced_accuracy,5,0.9024545454545455,0.005772906224856839,0.8952865356301344,0.9096225552789566,0.9027272727272727,0.9068181818181816,0.9,0.9086363636363636,0.8940909090909092
M2,0,prediction_concentration,5,0.12654545454545454,0.018443010277586838,0.10364543266527296,0.14944547642563613,0.12818181818181817,0.13090909090909092,0.15227272727272728,0.12,0.10136363636363636
M2,0,normalized_prediction_entropy,5,0.9921536641803319,0.007509098404821989,0.9828298870320952,1.0014774413285688,0.9931200674205113,0.9933194128590322,0.9794300125599625,0.9958258243832864,0.9990730036788671
M2,0,gini,5,0.07790082644628099,0.0343075062631813,0.03530243105113862,0.12049922184142337,0.08016528925619835,0.0797520661157025,0.13033057851239668,0.06289256198347105,0.03636363636363637
M2,0,hhi,5,0.09411280991735538,0.002881987444872397,0.09053434986378207,0.09769126997092868,0.09381528925619832,0.09381859504132233,0.09892685950413223,0.09269421487603306,0.09130909090909092
M2,0,dominant_predicted_class_ratio,5,0.12654545454545454,0.018443010277586838,0.10364543266527296,0.14944547642563613,0.12818181818181817,0.13090909090909092,0.15227272727272728,0.12,0.10136363636363636
M2,2,accuracy,5,0.9183636363636364,0.0024180792869582714,0.9153611943682181,0.9213660783590547,0.9163636363636364,0.9195454545454546,0.9181818181818182,0.9218181818181819,0.9159090909090909
M2,2,macro_f1,5,0.9126893488447163,0.004119248680107801,0.9075746260589781,0.9178040716304545,0.911187765711754,0.9097889503478637,0.9084784986833676,0.9180875707202613,0.9159039587603351
M2,2,balanced_accuracy,5,0.9183636363636364,0.0024180792869582736,0.9153611943682181,0.9213660783590547,0.9163636363636364,0.9195454545454546,0.9181818181818181,0.9218181818181819,0.9159090909090909
M2,2,prediction_concentration,5,0.131,0.021025859717488462,0.10489294695751182,0.1571070530424882,0.13,0.15136363636363637,0.14909090909090908,0.125,0.09954545454545455
M2,2,normalized_prediction_entropy,5,0.9892528520958201,0.00822737085509557,0.9790372219051771,0.9994684822864632,0.9914477453999342,0.9803114687091027,0.9814264547115363,0.9934933468239139,0.9995852448346139
M2,2,gini,5,0.08581818181818182,0.039389447623863774,0.03690972279449737,0.13472664084186628,0.08644628099173554,0.12132231404958681,0.1190909090909091,0.0778512396694215,0.024380165289256198
M2,2,hhi,5,0.09517545454545455,0.003178734721985672,0.09122853408132468,0.09912237500958442,0.09441033057851239,0.09859958677685951,0.09816942148760328,0.09360702479338842,0.09109090909090908
M2,2,dominant_predicted_class_ratio,5,0.131,0.021025859717488462,0.10489294695751182,0.1571070530424882,0.13,0.15136363636363637,0.14909090909090908,0.125,0.09954545454545455
M2,4,accuracy,5,0.9116363636363637,0.005374411365039109,0.9049631505328575,0.9183095767398699,0.9109090909090909,0.9168181818181819,0.9095454545454545,0.9168181818181819,0.9040909090909091
M2,4,macro_f1,5,0.906196373023729,0.0033832472760985857,0.9019955166839765,0.9103972293634816,0.9064991924784391,0.9086986650562245,0.9022237177445557,0.9101690027115542,0.9033912871278715
M2,4,balanced_accuracy,5,0.9116363636363637,0.005374411365039027,0.9049631505328576,0.9183095767398698,0.9109090909090909,0.9168181818181818,0.9095454545454544,0.9168181818181818,0.9040909090909092
M2,4,prediction_concentration,5,0.13663636363636367,0.018029475407539578,0.11424981311632164,0.1590229141564057,0.13636363636363635,0.15181818181818182,0.145,0.1440909090909091,0.10590909090909091
M2,4,normalized_prediction_entropy,5,0.9880863271136546,0.0067809396577468125,0.9796666784666382,0.996505975760671,0.9901118617613769,0.9809906994897988,0.9850063110195068,0.9855744548041463,0.9987483084934442
M2,4,gini,5,0.09444628099173555,0.03315118024014833,0.053283653989579356,0.13560890799389175,0.09008264462809916,0.12330578512396696,0.10851239669421488,0.11123966942148761,0.0390909090909091
M2,4,hhi,5,0.0957400826446281,0.0026875877241017035,0.09240300172559662,0.09907716356365959,0.09504421487603307,0.09847190082644627,0.0969611570247934,0.0967714876033058,0.09145165289256198
M2,4,dominant_predicted_class_ratio,5,0.13663636363636367,0.018029475407539578,0.11424981311632164,0.1590229141564057,0.13636363636363635,0.15181818181818182,0.145,0.1440909090909091,0.10590909090909091
M2,6,accuracy,5,0.9280909090909091,0.006135521827780729,0.9204726525271604,0.9357091656546578,0.935,0.9254545454545454,0.9190909090909091,0.9290909090909091,0.9318181818181818
M2,6,macro_f1,5,0.9263229956622563,0.009024858900451065,0.9151171532766974,0.9375288380478152,0.934594440161243,0.9251868020872179,0.911418927547979,0.9288333452832443,0.9315814632315977
M2,6,balanced_accuracy,5,0.928090909090909,0.006135521827780645,0.9204726525271604,0.9357091656546576,0.9349999999999998,0.9254545454545454,0.9190909090909091,0.929090909090909,0.9318181818181817
M2,6,prediction_concentration,5,0.11299999999999999,0.021509655721470726,0.08629223487689218,0.1397077651231078,0.10590909090909091,0.10363636363636364,0.15136363636363637,0.10136363636363636,0.10272727272727272
M2,6,normalized_prediction_entropy,5,0.9955448310063304,0.007794845874102902,0.9858662515129096,1.005223410499751,0.9988260585252482,0.9991411605321767,0.9816029504535487,0.9991479929494367,0.9990059925712415
M2,6,gini,5,0.0507107438016529,0.037343878506867226,0.004342194306380526,0.09707929329692527,0.03512396694214877,0.0315702479338843,0.11743801652892563,0.03322314049586778,0.036198347107438016
M2,6,hhi,5,0.09271652892561985,0.0031021442373965636,0.08886470810880927,0.09656834974243043,0.09141818181818183,0.09128305785123968,0.09826487603305785,0.09127603305785124,0.0913404958677686
M2,6,dominant_predicted_class_ratio,5,0.11299999999999999,0.021509655721470726,0.08629223487689218,0.1397077651231078,0.10590909090909091,0.10363636363636364,0.15136363636363637,0.10136363636363636,0.10272727272727272
M2,8,accuracy,5,0.9178181818181818,0.0018575287947002284,0.9155117551881756,0.9201246084481879,0.9186363636363636,0.92,0.9181818181818182,0.915,0.9172727272727272
M2,8,macro_f1,5,0.9153862310378262,0.0019773236876451596,0.9129310594020817,0.9178414026735707,0.9184663687478012,0.9152625897546106,0.9132002137842717,0.9142725651088403,0.9157294177936073
M2,8,balanced_accuracy,5,0.9178181818181818,0.0018575287947002201,0.9155117551881756,0.9201246084481879,0.9186363636363635,0.9199999999999999,0.9181818181818181,0.9149999999999999,0.9172727272727272
M2,8,prediction_concentration,5,0.12154545454545455,0.019623522737472476,0.09717963284440201,0.1459112762465071,0.09727272727272727,0.14,0.14227272727272727,0.10818181818181818,0.12
M2,8,normalized_prediction_entropy,5,0.9936943949696019,0.005733184763531757,0.9865757058536742,1.0008130840855296,0.9996808500191711,0.9882008997413739,0.9869910139684345,0.9975874868278118,0.9960117242912181
M2,8,gini,5,0.06770247933884299,0.03433754510182654,0.02506678579920698,0.110338172878479,0.020247933884297527,0.09826446280991737,0.10421487603305786,0.05636363636363637,0.05942148760330579
M2,8,hhi,5,0.09353347107438018,0.0023454238228845323,0.090621242752975,0.09644569939578534,0.09104876033057852,0.09578719008264464,0.09625702479338842,0.0919504132231405,0.09262396694214876
M2,8,dominant_predicted_class_ratio,5,0.12154545454545455,0.019623522737472476,0.09717963284440201,0.1459112762465071,0.09727272727272727,0.14,0.14227272727272727,0.10818181818181818,0.12
M2,10,accuracy,5,0.924,0.0030390026637175907,0.9202265798020166,0.9277734201979835,0.9236363636363636,0.9272727272727272,0.9231818181818182,0.9263636363636364,0.9195454545454546
M2,10,macro_f1,5,0.9213065588532181,0.003630280015610642,0.9167989708544357,0.9258141468520005,0.9234278602809912,0.9206171677074478,0.9167973192046749,0.9262121458584723,0.9194783012145041
M2,10,balanced_accuracy,5,0.924,0.0030390026637175877,0.9202265798020166,0.9277734201979835,0.9236363636363637,0.9272727272727274,0.9231818181818183,0.9263636363636363,0.9195454545454546
M2,10,prediction_concentration,5,0.11881818181818182,0.02731549676715332,0.08490151288935624,0.1527348507470074,0.09863636363636363,0.14909090909090908,0.1481818181818182,0.10227272727272728,0.0959090909090909
M2,10,normalized_prediction_entropy,5,0.9930750901733901,0.00888326122788024,0.9820450645200919,1.0041051158266885,0.9996387534513153,0.9830703548456123,0.9836300145301908,0.9991738818123876,0.9998624462274447
M2,10,gini,5,0.05793388429752065,0.051312964107519884,-0.0057795758759087296,0.12164734447095003,0.020578512396694216,0.11446280991735534,0.11322314049586778,0.028181818181818197,0.01322314049586776
M2,10,hhi,5,0.0937105785123967,0.003577184714004781,0.08926891703809213,0.09815223998670126,0.09106652892561982,0.0977297520661157,0.09752355371900828,0.09126363636363637,0.0909694214876033
M2,10,dominant_predicted_class_ratio,5,0.11881818181818182,0.02731549676715332,0.08490151288935624,0.1527348507470074,0.09863636363636363,0.14909090909090908,0.1481818181818182,0.10227272727272728,0.0959090909090909
M2,12,accuracy,5,0.9323636363636364,0.00625227231419979,0.9246004149241284,0.9401268578031444,0.9372727272727273,0.9304545454545454,0.9222727272727272,0.935,0.9368181818181818
M2,12,macro_f1,5,0.930500019513414,0.009074874969686989,0.9192320739753532,0.9417679650514748,0.9370783550081891,0.9284010258885462,0.9155092535778039,0.9348162983496017,0.9366951647429289
M2,12,balanced_accuracy,5,0.9323636363636363,0.006252272314199745,0.9246004149241284,0.9401268578031442,0.9372727272727271,0.9304545454545454,0.9222727272727272,0.9349999999999998,0.9368181818181818
M2,12,prediction_concentration,5,0.11290909090909092,0.02368351939448804,0.08350211752619452,0.14231606429198732,0.09636363636363636,0.12590909090909091,0.14863636363636365,0.09863636363636363,0.095
M2,12,normalized_prediction_entropy,5,0.995201186084571,0.007195330758625287,0.9862670029264178,1.0041353692427242,0.9998004275314345,0.99369204159404,0.9832048868151237,0.9994431191315227,0.9998654553507335
M2,12,gini,5,0.05026446280991735,0.04471431066874115,-0.005255686951957016,0.10578461257179173,0.015206611570247929,0.08173553719008265,0.11297520661157026,0.027685950413223137,0.01371900826446281
M2,12,hhi,5,0.09287314049586778,0.00289608834634855,0.08927717186058931,0.09646910913114626,0.09099586776859506,0.09359338842975207,0.09765909090909092,0.09114958677685951,0.09096776859504133
M2,12,dominant_predicted_class_ratio,5,0.11290909090909092,0.02368351939448804,0.08350211752619452,0.14231606429198732,0.09636363636363636,0.12590909090909091,0.14863636363636365,0.09863636363636363,0.095
M2,14,accuracy,5,0.9137272727272727,0.004684244737450292,0.9079110146780053,0.9195435307765402,0.9118181818181819,0.92,0.9140909090909091,0.9154545454545454,0.9072727272727272
M2,14,macro_f1,5,0.9109071701712518,0.0036761977868944714,0.9063425677289886,0.915471772613515,0.9117814336280351,0.9131618318164727,0.9069408202509788,0.9153338317500984,0.9073179334106733
M2,14,balanced_accuracy,5,0.9137272727272727,0.00468424473745024,0.9079110146780053,0.9195435307765402,0.9118181818181817,0.9199999999999999,0.9140909090909092,0.9154545454545455,0.9072727272727273
M2,14,prediction_concentration,5,0.11927272727272727,0.027640699420651598,0.08495226591693253,0.153593188628522,0.09863636363636363,0.14954545454545454,0.14954545454545454,0.1,0.09863636363636363
M2,14,normalized_prediction_entropy,5,0.9927959574631389,0.009321146022428664,0.981222226025089,1.0043696889011888,0.999710936118931,0.9826493223540202,0.9825256537874475,0.9992887538872176,0.9998051211680784
M2,14,gini,5,0.060561983471074374,0.05329974339519961,-0.005618389016243855,0.12674235595839262,0.019173553719008262,0.11999999999999998,0.11710743801652891,0.0315702479338843,0.014958677685950413
M2,14,hhi,5,0.09381206611570247,0.0037376092037470173,0.08917121132805476,0.09845292090335019,0.09103595041322314,0.09789462809917356,0.09791611570247932,0.09121818181818182,0.09099545454545453
M2,14,dominant_predicted_class_ratio,5,0.11927272727272727,0.027640699420651598,0.08495226591693253,0.153593188628522,0.09863636363636363,0.14954545454545454,0.14954545454545454,0.1,0.09863636363636363
M2,16,accuracy,5,0.9328181818181818,0.004889269748918114,0.9267473515934433,0.9388890120429202,0.9386363636363636,0.9354545454545454,0.9277272727272727,0.9277272727272727,0.9345454545454546
M2,16,macro_f1,5,0.9309917199698582,0.005850447765107084,0.9237274296065531,0.9382560103331633,0.9375518684051066,0.9338299596741639,0.9227727972112768,0.9274377383446992,0.9333662362140438
M2,16,balanced_accuracy,5,0.9328181818181818,0.004889269748918134,0.9267473515934433,0.9388890120429202,0.9386363636363636,0.9354545454545454,0.9277272727272726,0.9277272727272727,0.9345454545454545
M2,16,prediction_concentration,5,0.12090909090909092,0.014753483970106802,0.10259022101533297,0.13922796080284888,0.11681818181818182,0.12409090909090909,0.14272727272727273,0.10181818181818182,0.1190909090909091
M2,16,normalized_prediction_entropy,5,0.9946108270248809,0.004710011054117839,0.988762575867841,1.0004590781819207,0.9966384951281041,0.9946739392854519,0.9866693889923756,0.9990260987814719,0.9960462129370012
M2,16,gini,5,0.06636363636363636,0.023537329370931538,0.03713818186988662,0.0955890908573861,0.057272727272727274,0.07115702479338842,0.10173553719008264,0.03710743801652891,0.06454545454545454
M2,16,hhi,5,0.09316504132231405,0.0019081650155375446,0.09079574151988916,0.09553434112473895,0.09234752066115703,0.09317975206611571,0.09636157024793388,0.09133057851239669,0.09260578512396694
M2,16,dominant_predicted_class_ratio,5,0.12090909090909092,0.014753483970106802,0.10259022101533297,0.13922796080284888,0.11681818181818182,0.12409090909090909,0.14272727272727273,0.10181818181818182,0.1190909090909091
M2,18,accuracy,5,0.9168181818181818,0.0028020063649859027,0.913339031392041,0.9202973322443225,0.9209090909090909,0.9163636363636364,0.9181818181818182,0.9145454545454546,0.9140909090909091
M2,18,macro_f1,5,0.9150771236193812,0.0034705189515269698,0.9107679051821863,0.9193863420565761,0.9206515677617868,0.9158437037305185,0.9116371921598055,0.9141137304128102,0.9131394240319852
M2,18,balanced_accuracy,5,0.9168181818181818,0.0028020063649858715,0.913339031392041,0.9202973322443225,0.9209090909090908,0.9163636363636364,0.9181818181818181,0.9145454545454544,0.9140909090909091
M2,18,prediction_concentration,5,0.11518181818181819,0.018504522565359553,0.09220541870846208,0.1381582176551743,0.10227272727272728,0.10727272727272727,0.14772727272727273,0.10681818181818181,0.11181818181818182
M2,18,normalized_prediction_entropy,5,0.9955260945393393,0.006577256365916163,0.9873593521028247,1.003692836975854,0.9993184110522186,0.9982579284087335,0.9838056871357725,0.9985292731498877,0.9977191729500839
M2,18,gini,5,0.05581818181818182,0.030887073963445616,0.01746681406791456,0.09416954956844908,0.028016528925619844,0.048099173553718996,0.10876033057851243,0.04330578512396694,0.05090909090909091
M2,18,hhi,5,0.09274909090909092,0.0026315787201495982,0.08948155435384203,0.09601662746433981,0.09120495867768595,0.09166570247933885,0.09743553719008263,0.09154586776859505,0.09189338842975207
M2,18,dominant_predicted_class_ratio,5,0.11518181818181819,0.018504522565359553,0.09220541870846208,0.1381582176551743,0.10227272727272728,0.10727272727272727,0.14772727272727273,0.10681818181818181,0.11181818181818182
M3,-20,accuracy,5,0.10072727272727273,0.0015614149124834288,0.09878852004418358,0.10266602541036189,0.10227272727272728,0.09818181818181818,0.10136363636363636,0.10045454545454545,0.10136363636363636
M3,-20,macro_f1,5,0.07292522094823613,0.0155390731593024,0.05363091324087592,0.09221952865559634,0.07318402353401875,0.08806877567435839,0.05314861780455437,0.06215518551674666,0.08806950221150246
M3,-20,balanced_accuracy,5,0.10072727272727273,0.0015614149124834231,0.09878852004418359,0.10266602541036188,0.10227272727272728,0.09818181818181819,0.10136363636363636,0.10045454545454545,0.10136363636363636
M3,-20,prediction_concentration,5,0.3316363636363636,0.1138019702366882,0.19033255426881157,0.47294017300391566,0.3131818181818182,0.2681818181818182,0.44045454545454543,0.4509090909090909,0.18545454545454546
M3,-20,normalized_prediction_entropy,5,0.7540378290969494,0.14707239113628282,0.5714233358932846,0.9366523223006141,0.79192999932943,0.8740343670100613,0.577089830966627,0.6235782870918444,0.9035566610867843
M3,-20,gini,5,0.5487603305785125,0.15332521985920636,0.3583819250626591,0.7391387360943659,0.5393388429752067,0.43049586776859505,0.7190082644628099,0.6857024793388429,0.3692561983471075
M3,-20,hhi,5,0.21216404958677684,0.07819705107310818,0.1150695865035974,0.3092585126699563,0.19165082644628098,0.1504793388429752,0.30493884297520657,0.28293553719008263,0.13081570247933882
M3,-20,dominant_predicted_class_ratio,5,0.3316363636363636,0.1138019702366882,0.19033255426881157,0.47294017300391566,0.3131818181818182,0.2681818181818182,0.44045454545454543,0.4509090909090909,0.18545454545454546
M3,-18,accuracy,5,0.1211818181818182,0.004283352359778097,0.1158633337650606,0.1265003025985758,0.12,0.12,0.12363636363636364,0.12681818181818183,0.11545454545454545
M3,-18,macro_f1,5,0.09268554015981958,0.013614979747181887,0.07578030997147045,0.10959077034816872,0.0964470483913753,0.08858850698558784,0.07132534064077492,0.10660957823131602,0.10045722655004384
M3,-18,balanced_accuracy,5,0.1211818181818182,0.00428335235977809,0.11586333376506061,0.12650030259857578,0.11999999999999998,0.12000000000000001,0.12363636363636363,0.12681818181818183,0.11545454545454546
M3,-18,prediction_concentration,5,0.23581818181818184,0.05452878533171324,0.16811175220601202,0.3035246114303517,0.22136363636363637,0.24727272727272728,0.32227272727272727,0.17681818181818182,0.21136363636363636
M3,-18,normalized_prediction_entropy,5,0.8189294176516391,0.11065793378218189,0.6815294451586877,0.9563293901445904,0.8533793884549397,0.80632337529647,0.6342245907419473,0.889017661718392,0.911702072046447
M3,-18,gini,5,0.4668760330578513,0.1196026022301123,0.3183697877772356,0.615382278338467,0.44966942148760336,0.5005785123966942,0.6539669421487603,0.3705785123966942,0.3595867768595041
M3,-18,hhi,5,0.16795776859504133,0.047180723957836575,0.10937516224740584,0.22654037494267681,0.15267272727272727,0.18572851239669425,0.24175082644628096,0.12974421487603305,0.12989256198347107
M3,-18,dominant_predicted_class_ratio,5,0.23581818181818184,0.05452878533171324,0.16811175220601202,0.3035246114303517,0.22136363636363637,0.24727272727272728,0.32227272727272727,0.17681818181818182,0.21136363636363636
M3,-16,accuracy,5,0.16445454545454546,0.004158532004175522,0.15929104597958257,0.16961804492950835,0.16818181818181818,0.16227272727272726,0.15818181818181817,0.1668181818181818,0.1668181818181818
M3,-16,macro_f1,5,0.12731967305325087,0.01713892745875894,0.10603888385988397,0.14860046224661777,0.13912283003588402,0.13140137765333473,0.09706496534458871,0.13495344640815005,0.13405574582429683
M3,-16,balanced_accuracy,5,0.16445454545454546,0.004158532004175522,0.15929104597958257,0.16961804492950835,0.16818181818181818,0.1622727272727273,0.15818181818181817,0.16681818181818184,0.1668181818181818
M3,-16,prediction_concentration,5,0.26127272727272727,0.07877247809854102,0.16346377716847438,0.35908167737698016,0.18272727272727274,0.24227272727272728,0.39136363636363636,0.22454545454545455,0.26545454545454544
M3,-16,normalized_prediction_entropy,5,0.8229396184999377,0.1130779337510429,0.6825348191699974,0.963344417829878,0.9107502473313065,0.8608384912573739,0.6249042189044227,0.8682104777845369,0.8499946572220493
M3,-16,gini,5,0.46743801652892564,0.11983889989828007,0.31863836894088654,0.6162376641169647,0.3528099173553719,0.4402479338842976,0.6683471074380165,0.4109090909090909,0.4648760330578512
M3,-16,hhi,5,0.1667960330578512,0.051720476031478585,0.10257657999960355,0.23101548611609884,0.12880578512396695,0.14974752066115704,0.25709297520661156,0.13939421487603304,0.15893966942148757
M3,-16,dominant_predicted_class_ratio,5,0.26127272727272727,0.07877247809854102,0.16346377716847438,0.35908167737698016,0.18272727272727274,0.24227272727272728,0.39136363636363636,0.22454545454545455,0.26545454545454544
M3,-14,accuracy,5,0.219,0.006691242580621872,0.21069172498439379,0.22730827501560621,0.22318181818181818,0.21454545454545454,0.2159090909090909,0.22863636363636364,0.21272727272727274
M3,-14,macro_f1,5,0.18094684803740496,0.016628751763218923,0.16029952563794866,0.20159417043686126,0.18873575603064244,0.19285679652337817,0.15779624039729545,0.19611964990233838,0.16922579733337045
M3,-14,balanced_accuracy,5,0.219,0.0066912425806218674,0.21069172498439379,0.22730827501560621,0.22318181818181818,0.21454545454545454,0.2159090909090909,0.2286363636363636,0.2127272727272727
M3,-14,prediction_concentration,5,0.2869090909090909,0.04941538389296653,0.2255517877717762,0.3482663940464056,0.32636363636363636,0.22545454545454546,0.2759090909090909,0.26,0.3468181818181818
M3,-14,normalized_prediction_entropy,5,0.8168274598248304,0.06955674055253194,0.7304613592483518,0.903193560401309,0.8413058151686413,0.887094201598496,0.7126426430201495,0.8597371451382662,0.7833574941985995
M3,-14,gini,5,0.49143801652892555,0.0822278457637484,0.38933866079422724,0.5935373722636238,0.4695867768595041,0.396198347107438,0.5997520661157025,0.44231404958677684,0.5493388429752066
M3,-14,hhi,5,0.1742137190082645,0.030454227387968658,0.13639980126751275,0.21202763674901623,0.17278471074380167,0.1380198347107438,0.2067198347107438,0.151003305785124,0.20254090909090908
M3,-14,dominant_predicted_class_ratio,5,0.2869090909090909,0.04941538389296653,0.2255517877717762,0.3482663940464056,0.32636363636363636,0.22545454545454546,0.2759090909090909,0.26,0.3468181818181818
M3,-12,accuracy,5,0.29790909090909085,0.004331319727116936,0.29253104713922,0.3032871346789617,0.29818181818181816,0.2927272727272727,0.30318181818181816,0.3009090909090909,0.29454545454545455
M3,-12,macro_f1,5,0.2699153095845044,0.004382001087270597,0.2644743365943507,0.27535628257465805,0.2697486897212214,0.2729779221060157,0.26239383364674,0.2724832260786394,0.2719728763699054
M3,-12,balanced_accuracy,5,0.29790909090909085,0.004331319727116937,0.29253104713922,0.3032871346789617,0.2981818181818182,0.2927272727272727,0.30318181818181816,0.3009090909090909,0.29454545454545455
M3,-12,prediction_concentration,5,0.23018181818181818,0.039946503482731356,0.18058168295318938,0.279781953410447,0.23272727272727273,0.16772727272727272,0.2790909090909091,0.2390909090909091,0.23227272727272727
M3,-12,normalized_prediction_entropy,5,0.9041015120977823,0.02726141107467235,0.8702519994261283,0.9379510247694364,0.8936874549349949,0.937453376246049,0.8673981328512299,0.898533290871057,0.9234353055855805
M3,-12,gini,5,0.363305785123967,0.058195258120872145,0.2910468282491048,0.43556474199882916,0.39107438016528934,0.28454545454545455,0.44008264462809915,0.36355371900826444,0.3372727272727273
M3,-12,hhi,5,0.13444644628099173,0.015410888736544713,0.11531130055650027,0.1535815920054832,0.14235950413223142,0.11397768595041323,0.15503388429752069,0.1329103305785124,0.127950826446281
M3,-12,dominant_predicted_class_ratio,5,0.23018181818181818,0.039946503482731356,0.18058168295318938,0.279781953410447,0.23272727272727273,0.16772727272727272,0.2790909090909091,0.2390909090909091,0.23227272727272727
M3,-10,accuracy,5,0.40663636363636363,0.004964751789422955,0.40047181007941945,0.4128009171933078,0.4022727272727273,0.4036363636363636,0.40636363636363637,0.415,0.4059090909090909
M3,-10,macro_f1,5,0.38491909005515035,0.012646988968009787,0.36921577916789244,0.40062240094240825,0.3714480929122649,0.396014234128314,0.3708152990925264,0.3926543922173282,0.39366343192531833
M3,-10,balanced_accuracy,5,0.40663636363636363,0.0049647517894229705,0.4004718100794194,0.41280091719330786,0.4022727272727273,0.4036363636363637,0.4063636363636363,0.41500000000000004,0.4059090909090909
M3,-10,prediction_concentration,5,0.19545454545454546,0.03658879158186954,0.1500235602095571,0.24088553069953383,0.1918181818181818,0.17227272727272727,0.23954545454545453,0.22363636363636363,0.15
M3,-10,normalized_prediction_entropy,5,0.9409121695266025,0.03026450210127342,0.9033338268438891,0.9784905122093159,0.918950344333286,0.9628960036329237,0.9144306031792663,0.9254468077501488,0.9828370887373884
M3,-10,gini,5,0.2758512396694215,0.08562903600961892,0.16952874845538396,0.382173730883459,0.34851239669421485,0.22280991735537192,0.3417355371900826,0.31446280991735537,0.15173553719008262
M3,-10,hhi,5,0.11691371900826444,0.013671193414865212,0.09993869033254593,0.13388874768398296,0.12617355371900826,0.10652107438016528,0.12960206611570246,0.12390495867768594,0.09836694214876032
M3,-10,dominant_predicted_class_ratio,5,0.19545454545454546,0.03658879158186954,0.1500235602095571,0.24088553069953383,0.1918181818181818,0.17227272727272727,0.23954545454545453,0.22363636363636363,0.15
M3,-8,accuracy,5,0.5327272727272726,0.00363636363636367,0.5282121309156225,0.5372424145389227,0.5336363636363637,0.5386363636363637,0.5304545454545454,0.5313636363636364,0.5295454545454545
M3,-8,macro_f1,5,0.5150278590487147,0.00747998916294019,0.5057402257981376,0.5243154922992919,0.5124437876130483,0.5245099609584319,0.5107091468290323,0.5064843887461955,0.5209920110968653
M3,-8,balanced_accuracy,5,0.5327272727272726,0.003636363636363649,0.5282121309156226,0.5372424145389226,0.5336363636363637,0.5386363636363636,0.5304545454545454,0.5313636363636364,0.5295454545454544
M3,-8,prediction_concentration,5,0.16154545454545455,0.03115643016290326,0.12285963689962773,0.20023127219128137,0.1572727272727273,0.15363636363636363,0.16954545454545455,0.20681818181818182,0.12045454545454545
M3,-8,normalized_prediction_entropy,5,0.9576688959312593,0.024253350778635132,0.9275543834336207,0.9877834084288978,0.9594031971468723,0.96973769846518,0.9492052827220901,0.922454193505727,0.9875441078164263
M3,-8,gini,5,0.2187107438016529,0.07729315591544599,0.12273861479389331,0.3146828728094125,0.2262809917355372,0.21314049586776862,0.23578512396694215,0.3171900826446281,0.10115702479338844
M3,-8,hhi,5,0.10720611570247933,0.009337160952525696,0.0956124991022942,0.11879973230266445,0.10668677685950413,0.10385330578512396,0.1088904958677686,0.12118388429752065,0.09541611570247935
M3,-8,dominant_predicted_class_ratio,5,0.16154545454545455,0.03115643016290326,0.12285963689962773,0.20023127219128137,0.1572727272727273,0.15363636363636363,0.16954545454545455,0.20681818181818182,0.12045454545454545
M3,-6,accuracy,5,0.6734545454545454,0.006253924387769136,0.665689272694764,0.6812198182143269,0.6636363636363637,0.6745454545454546,0.6804545454545454,0.6722727272727272,0.6763636363636364
M3,-6,macro_f1,5,0.6626591253120224,0.013301000193502083,0.6461437522316495,0.6791744983923953,0.6407072770674845,0.6676912634203349,0.6765635692623038,0.6630307802702461,0.665302736539743
M3,-6,balanced_accuracy,5,0.6734545454545453,0.006253924387769181,0.6656892726947637,0.6812198182143269,0.6636363636363636,0.6745454545454544,0.6804545454545454,0.6722727272727271,0.6763636363636364
M3,-6,prediction_concentration,5,0.1340909090909091,0.012580320457361861,0.11847037809313656,0.14971144008868162,0.15454545454545454,0.135,0.1318181818181818,0.12090909090909091,0.12818181818181817
M3,-6,normalized_prediction_entropy,5,0.9796395199899852,0.011877903340739878,0.9648911550376443,0.9943878849423261,0.9594022557594809,0.9835278774449918,0.9891689046425642,0.9866276920818732,0.9794708700210161
M3,-6,gini,5,0.1525289256198347,0.04371793808935621,0.09824593581858004,0.20681191542108934,0.2284297520661157,0.1462809917355372,0.125702479338843,0.12090909090909091,0.14132231404958678
M3,-6,hhi,5,0.09880570247933884,0.0046130523496638294,0.09307784145493198,0.10453356350374571,0.1068289256198347,0.09756239669421488,0.09557479338842975,0.0959206611570248,0.09814173553719008
M3,-6,dominant_predicted_class_ratio,5,0.1340909090909091,0.012580320457361861,0.11847037809313656,0.14971144008868162,0.15454545454545454,0.135,0.1318181818181818,0.12090909090909091,0.12818181818181817
M3,-4,accuracy,5,0.7916363636363636,0.004719399037242685,0.7857764557586618,0.7974962715140653,0.7909090909090909,0.7986363636363636,0.7895454545454546,0.7859090909090909,0.7931818181818182
M3,-4,macro_f1,5,0.7821826971153739,0.008688341395770079,0.7713946964001428,0.792970697830605,0.7752410698065378,0.7964935432759895,0.7840436235887333,0.7763630999388611,0.7787721489667478
M3,-4,balanced_accuracy,5,0.7916363636363637,0.0047193990372426785,0.785776455758662,0.7974962715140654,0.790909090909091,0.7986363636363637,0.7895454545454546,0.785909090909091,0.7931818181818181
M3,-4,prediction_concentration,5,0.13045454545454543,0.01472544882084097,0.11217048579631514,0.14873860511277573,0.14181818181818182,0.10681818181818181,0.13318181818181818,0.12727272727272726,0.1431818181818182
M3,-4,normalized_prediction_entropy,5,0.9847472984216881,0.010742627555004589,0.9714085645405272,0.998086032302849,0.972561138598537,0.9977181660081932,0.9914201686970827,0.9870407746383311,0.9749962441662964
M3,-4,gini,5,0.12824793388429753,0.05046560752153479,0.06558660587732669,0.1909092618912684,0.18677685950413225,0.056280991735537175,0.10991735537190082,0.12487603305785124,0.16338842975206613
M3,-4,hhi,5,0.09699438016528925,0.004081576701847206,0.0919264333186983,0.10206232701188019,0.10201074380165287,0.09189132231404958,0.09472231404958678,0.09623884297520661,0.10010867768595041
M3,-4,dominant_predicted_class_ratio,5,0.13045454545454543,0.01472544882084097,0.11217048579631514,0.14873860511277573,0.14181818181818182,0.10681818181818181,0.13318181818181818,0.12727272727272726,0.1431818181818182
M3,-2,accuracy,5,0.8603636363636363,0.0038889544793104516,0.8555348615960233,0.8651924111312493,0.8627272727272727,0.8636363636363636,0.8627272727272727,0.8581818181818182,0.8545454545454545
M3,-2,macro_f1,5,0.8548880936410242,0.005614874679019015,0.8479163058976604,0.8618598813843881,0.8476621141083165,0.8611620130446407,0.857540064793298,0.8576473365181545,0.8504289397407105
M3,-2,balanced_accuracy,5,0.8603636363636363,0.00388895447931041,0.8555348615960233,0.8651924111312493,0.8627272727272728,0.8636363636363636,0.8627272727272726,0.8581818181818182,0.8545454545454546
M3,-2,prediction_concentration,5,0.12063636363636362,0.019866808567171226,0.09596846267930101,0.14530426459342624,0.14545454545454545,0.105,0.13454545454545455,0.09772727272727273,0.12045454545454545
M3,-2,normalized_prediction_entropy,5,0.9923022648137163,0.007759547142190942,0.9826675144848929,1.0019370151425397,0.980016262827486,0.9981124350208416,0.9903374770923459,0.9994083972542939,0.9936367518736148
M3,-2,gini,5,0.08125619834710744,0.04362679114889206,0.027086382420373534,0.13542601427384135,0.13388429752066114,0.04900826446280992,0.11388429752066118,0.028925619834710748,0.08057851239669422
M3,-2,hhi,5,0.0939897520661157,0.002942246832449399,0.09033647010043422,0.0976430340317972,0.09844793388429751,0.0917090909090909,0.09513719008264464,0.09116404958677686,0.0934904958677686
M3,-2,dominant_predicted_class_ratio,5,0.12063636363636362,0.019866808567171226,0.09596846267930101,0.14530426459342624,0.14545454545454545,0.105,0.13454545454545455,0.09772727272727273,0.12045454545454545
M3,0,accuracy,5,0.905,0.006047333952568242,0.8974912431459807,0.9125087568540193,0.9027272727272727,0.9118181818181819,0.9063636363636364,0.8959090909090909,0.9081818181818182
M3,0,macro_f1,5,0.8997509421400768,0.0054607022597546705,0.8929705847392295,0.906531299540924,0.8927469319309863,0.906486395529634,0.8996885693857511,0.8963953319665073,0.9034374818875057
M3,0,balanced_accuracy,5,0.905,0.006047333952568163,0.8974912431459808,0.9125087568540192,0.9027272727272727,0.9118181818181817,0.9063636363636363,0.895909090909091,0.9081818181818182
M3,0,prediction_concentration,5,0.12945454545454543,0.019283123268163966,0.10551138551954092,0.15339770538954994,0.14272727272727273,0.13318181818181818,0.14636363636363636,0.09772727272727273,0.12727272727272726
M3,0,normalized_prediction_entropy,5,0.9905609230984739,0.006059946975163104,0.98303650510839,0.9980853410885577,0.9840721167164278,0.9907073695827631,0.9861170718226188,0.9996178234822025,0.9922902338883576
M3,0,gini,5,0.08656198347107438,0.037570896941306185,0.03991155335883057,0.1332124135833182,0.11694214876033059,0.08917355371900827,0.1143801652892562,0.02380165289256199,0.08851239669421486
M3,0,hhi,5,0.09476148760330579,0.00243165649279559,0.09174218728020307,0.0977807879264085,0.09714132231404958,0.09474917355371902,0.09675123966942148,0.09107685950413225,0.0940888429752066
M3,0,dominant_predicted_class_ratio,5,0.12945454545454543,0.019283123268163966,0.10551138551954092,0.15339770538954994,0.14272727272727273,0.13318181818181818,0.14636363636363636,0.09772727272727273,0.12727272727272726
M3,2,accuracy,5,0.9146363636363637,0.008209548965374186,0.9044428622445676,0.9248298650281598,0.9077272727272727,0.9209090909090909,0.9054545454545454,0.9145454545454546,0.9245454545454546
M3,2,macro_f1,5,0.908281944617847,0.010097164337998808,0.8957446591754069,0.920819230060287,0.8970394886663141,0.913304384462731,0.8979061535099796,0.9142532903393221,0.9189064061108877
M3,2,balanced_accuracy,5,0.9146363636363637,0.008209548965374206,0.9044428622445676,0.9248298650281598,0.9077272727272727,0.920909090909091,0.9054545454545454,0.9145454545454546,0.9245454545454546
M3,2,prediction_concentration,5,0.13427272727272727,0.01762089293335031,0.11239349890118307,0.15615195564427148,0.1431818181818182,0.1459090909090909,0.145,0.1040909090909091,0.13318181818181818
M3,2,normalized_prediction_entropy,5,0.9885691417334727,0.006395822057031884,0.9806276797463386,0.9965106037206067,0.9835669593444755,0.9839902129716235,0.986165023139661,0.9990358537020185,0.9900876595095842
M3,2,gini,5,0.09195041322314049,0.03414016476749566,0.04955979973859655,0.13434102670768444,0.11322314049586778,0.11553719008264461,0.10768595041322314,0.03363636363636364,0.08966942148760332
M3,2,hhi,5,0.09549611570247933,0.00252185487924365,0.092364819290228,0.09862741211473067,0.09727396694214875,0.0973099173553719,0.09663223140495866,0.09132644628099174,0.09493801652892563
M3,2,dominant_predicted_class_ratio,5,0.13427272727272727,0.01762089293335031,0.11239349890118307,0.15615195564427148,0.1431818181818182,0.1459090909090909,0.145,0.1040909090909091,0.13318181818181818
M3,4,accuracy,5,0.9095454545454545,0.009398215058243335,0.8978760292602573,0.9212148798306518,0.9122727272727272,0.9163636363636364,0.9059090909090909,0.895,0.9181818181818182
M3,4,macro_f1,5,0.9036162635714511,0.007786311301086507,0.8939482811500848,0.9132842459928173,0.9060411632745321,0.9087834470038966,0.8984136348771656,0.8929345832066126,0.911908489495049
M3,4,balanced_accuracy,5,0.9095454545454545,0.009398215058243353,0.8978760292602573,0.9212148798306518,0.9122727272727272,0.9163636363636364,0.9059090909090909,0.8949999999999999,0.9181818181818181
M3,4,prediction_concentration,5,0.14100000000000001,0.012454047767096606,0.12553625725568618,0.15646374274431385,0.14,0.14954545454545454,0.15045454545454545,0.12,0.145
M3,4,normalized_prediction_entropy,5,0.9869613077243591,0.005234505204541913,0.9804618110634692,0.993460804385249,0.9874350467161062,0.9823296110661135,0.9840349941771236,0.9957123960132724,0.9852944906491795
M3,4,gini,5,0.10348760330578513,0.02085122492899509,0.07759738799300309,0.12937781861856718,0.10132231404958679,0.12322314049586777,0.1137190082644628,0.06892561983471075,0.11024793388429752
M3,4,hhi,5,0.09624157024793388,0.0020886671865278394,0.09364814739819272,0.09883499309767504,0.09601694214876033,0.09799999999999999,0.09755,0.09275206611570248,0.09688884297520661
M3,4,dominant_predicted_class_ratio,5,0.14100000000000001,0.012454047767096606,0.12553625725568618,0.15646374274431385,0.14,0.14954545454545454,0.15045454545454545,0.12,0.145
M3,6,accuracy,5,0.9257272727272727,0.005138575549477303,0.9193468884654367,0.9321076569891088,0.9209090909090909,0.9281818181818182,0.9195454545454546,0.9290909090909091,0.9309090909090909
M3,6,macro_f1,5,0.9237483603746167,0.007747271298043394,0.9141288525195189,0.9333678682297145,0.9124062401261028,0.9280070922968437,0.9190154337649741,0.928919253534476,0.9303937821506864
M3,6,balanced_accuracy,5,0.9257272727272726,0.005138575549477331,0.9193468884654364,0.9321076569891088,0.9209090909090908,0.9281818181818181,0.9195454545454544,0.929090909090909,0.9309090909090909
M3,6,prediction_concentration,5,0.11336363636363637,0.022041002362051667,0.0859961172463527,0.14073115548092005,0.15181818181818182,0.09681818181818182,0.10954545454545454,0.10181818181818182,0.10681818181818181
M3,6,normalized_prediction_entropy,5,0.9953501557567408,0.008107336856667242,0.9852835674605066,1.0054167440529749,0.9808798651636957,0.9996509803607075,0.998244334078193,0.999294449251344,0.9986811499297638
M3,6,gini,5,0.051305785123966954,0.038719092055617285,0.0032296824753695955,0.09938188777256432,0.11867768595041324,0.0224793388429752,0.04677685950413223,0.03057851239669422,0.03801652892561984
M3,6,hhi,5,0.09278330578512398,0.0031950251102657165,0.08881615813235003,0.09675045343789793,0.09848305785123967,0.0910611570247934,0.09167520661157026,0.09121652892561985,0.0914805785123967
M3,6,dominant_predicted_class_ratio,5,0.11336363636363637,0.022041002362051667,0.0859961172463527,0.14073115548092005,0.15181818181818182,0.09681818181818182,0.10954545454545454,0.10181818181818182,0.10681818181818181
M3,8,accuracy,5,0.918090909090909,0.007437063758996027,0.9088565747690176,0.9273252434128003,0.9159090909090909,0.9204545454545454,0.9072727272727272,0.9190909090909091,0.9277272727272727
M3,8,macro_f1,5,0.9133968670541744,0.010913240292174256,0.899846289479635,0.9269474446287139,0.9085927650645584,0.9169280067133642,0.8978493785554675,0.9164377941060798,0.9271763908314018
M3,8,balanced_accuracy,5,0.918090909090909,0.00743706375899595,0.9088565747690177,0.9273252434128002,0.9159090909090909,0.9204545454545454,0.9072727272727273,0.9190909090909091,0.9277272727272726
M3,8,prediction_concentration,5,0.13418181818181818,0.01731573592844964,0.11268149227705884,0.15568214408657752,0.14772727272727273,0.1340909090909091,0.15227272727272728,0.12818181818181817,0.10863636363636364
M3,8,normalized_prediction_entropy,5,0.9891407485231735,0.007222935385612549,0.9801722896935063,0.9981092073528406,0.9835440923793763,0.9905166895952587,0.9802754335690532,0.9933118963012997,0.9980556307708797
M3,8,gini,5,0.09193388429752067,0.029291406185664483,0.05556379978001804,0.1283039688150233,0.11181818181818182,0.09776859504132233,0.12371900826446282,0.07619834710743803,0.05016528925619836
M3,8,hhi,5,0.09531619834710744,0.0028088109969493413,0.09182859885443663,0.09880379783977826,0.0975198347107438,0.09488636363636364,0.09868181818181819,0.09374214876033057,0.091750826446281
M3,8,dominant_predicted_class_ratio,5,0.13418181818181818,0.01731573592844964,0.11268149227705884,0.15568214408657752,0.14772727272727273,0.1340909090909091,0.15227272727272728,0.12818181818181817,0.10863636363636364
M3,10,accuracy,5,0.9251818181818182,0.006942800540044551,0.9165611927045353,0.9338024436591011,0.9181818181818182,0.9295454545454546,0.9172727272727272,0.9286363636363636,0.9322727272727273
M3,10,macro_f1,5,0.9213974900097245,0.006530863749048008,0.9132883516153575,0.9295066284040915,0.9128111374161665,0.9246910985323857,0.9166665007879155,0.9238194200067994,0.9289992933053555
M3,10,balanced_accuracy,5,0.9251818181818182,0.006942800540044607,0.9165611927045352,0.9338024436591013,0.9181818181818181,0.9295454545454546,0.9172727272727272,0.9286363636363636,0.9322727272727274
M3,10,prediction_concentration,5,0.13418181818181818,0.014407728642228772,0.11629226023087352,0.15207137613276284,0.13954545454545456,0.1431818181818182,0.10909090909090909,0.14363636363636365,0.13545454545454547
M3,10,normalized_prediction_entropy,5,0.9898591056989332,0.005023284930107483,0.9836218736484992,0.9960963377493672,0.9877574225188034,0.9862961001833432,0.9983608008877299,0.9865017417742741,0.9903794631305152
M3,10,gini,5,0.09056198347107439,0.027780607889584464,0.05606780280636191,0.12505616413578685,0.10206611570247935,0.11008264462809919,0.042809917355371895,0.10768595041322317,0.09016528925619836
M3,10,hhi,5,0.09509322314049588,0.0020452709576180405,0.09255368382584983,0.09763276245514194,0.09590950413223141,0.09653181818181819,0.0916210743801653,0.09647644628099175,0.09492727272727274
M3,10,dominant_predicted_class_ratio,5,0.13418181818181818,0.014407728642228772,0.11629226023087352,0.15207137613276284,0.13954545454545456,0.1431818181818182,0.10909090909090909,0.14363636363636365,0.13545454545454547
M3,12,accuracy,5,0.9291818181818181,0.008433012657368594,0.9187108499687668,0.9396527863948694,0.9172727272727272,0.9345454545454546,0.9245454545454546,0.9309090909090909,0.9386363636363636
M3,12,macro_f1,5,0.9265214579806859,0.010433257481465539,0.91356685778196,0.9394760581794117,0.9104551361291245,0.9320241748313319,0.9240979992916987,0.9276858345238146,0.9383441451274588
M3,12,balanced_accuracy,5,0.9291818181818181,0.008433012657368576,0.9187108499687668,0.9396527863948694,0.9172727272727272,0.9345454545454545,0.9245454545454546,0.9309090909090909,0.9386363636363636
M3,12,prediction_concentration,5,0.12163636363636365,0.020255598144669713,0.09648571665804431,0.146787010614683,0.145,0.12818181818181817,0.10045454545454545,0.1340909090909091,0.10045454545454545
M3,12,normalized_prediction_entropy,5,0.9934857713361064,0.006127847672778279,0.9858770434943409,1.0010944991778719,0.9848102292830214,0.9931743753618232,0.9991178713756113,0.990833522258577,0.9994928584014988
M3,12,gini,5,0.06644628099173552,0.03642087906221518,0.021223786677249667,0.11166877530622138,0.11,0.07520661157024792,0.034628099173553716,0.08867768595041324,0.023719008264462795
M3,12,hhi,5,0.09359123966942148,0.0024720444245697995,0.09052179110547283,0.09666068823337014,0.09701818181818181,0.09378140495867768,0.09129132231404959,0.09473636363636363,0.09112892561983471
M3,12,dominant_predicted_class_ratio,5,0.12163636363636365,0.020255598144669713,0.09648571665804431,0.146787010614683,0.145,0.12818181818181817,0.10045454545454545,0.1340909090909091,0.10045454545454545
M3,14,accuracy,5,0.9176363636363636,0.004305003815473289,0.9122909953865606,0.9229817318861666,0.9118181818181819,0.9172727272727272,0.9154545454545454,0.9222727272727272,0.9213636363636364
M3,14,macro_f1,5,0.9134043756817745,0.006106024902610591,0.9058227443880672,0.9209860069754817,0.906713455379057,0.9112502352059374,0.9095877515005754,0.9181541312558005,0.9213163050675022
M3,14,balanced_accuracy,5,0.9176363636363636,0.004305003815473312,0.9122909953865606,0.9229817318861666,0.9118181818181817,0.9172727272727272,0.9154545454545455,0.9222727272727272,0.9213636363636364
M3,14,prediction_concentration,5,0.1339090909090909,0.019926517902094168,0.10916705102049777,0.15865113079768403,0.1409090909090909,0.14454545454545453,0.14636363636363636,0.1390909090909091,0.09863636363636363
M3,14,normalized_prediction_entropy,5,0.988855455218029,0.006118290149836221,0.9812585946084126,0.9964523158276454,0.9870703416618898,0.9847603620387478,0.9844610301201079,0.9886223671797616,0.9993631750896378
M3,14,gini,5,0.09542148760330578,0.03751217729111267,0.048843967566694374,0.14199900763991719,0.11247933884297522,0.1199173553719008,0.11776859504132231,0.09661157024793389,0.0303305785123967
M3,14,hhi,5,0.09547239669421488,0.0024828231955622846,0.09238956451837997,0.09855522887004979,0.09623512396694214,0.09708347107438015,0.09723140495867769,0.09562479338842976,0.09118719008264461
M3,14,dominant_predicted_class_ratio,5,0.1339090909090909,0.019926517902094168,0.10916705102049777,0.15865113079768403,0.1409090909090909,0.14454545454545453,0.14636363636363636,0.1390909090909091,0.09863636363636363
M3,16,accuracy,5,0.9274545454545453,0.005393598899705926,0.9207575078800291,0.9341515830290615,0.9240909090909091,0.9268181818181818,0.9218181818181819,0.9286363636363636,0.9359090909090909
M3,16,macro_f1,5,0.9239167024961843,0.006511502736794508,0.9158316039737012,0.9320018010186674,0.9183666497389755,0.9256807852174552,0.9168022479518148,0.925785120080435,0.9329487094922403
M3,16,balanced_accuracy,5,0.9274545454545453,0.005393598899705977,0.920757507880029,0.9341515830290616,0.924090909090909,0.9268181818181817,0.9218181818181818,0.9286363636363636,0.9359090909090909
M3,16,prediction_concentration,5,0.13336363636363635,0.010619255860997151,0.12017808867332187,0.14654918405395084,0.1409090909090909,0.11545454545454545,0.14181818181818182,0.13454545454545455,0.1340909090909091
M3,16,normalized_prediction_entropy,5,0.9905076023590214,0.003974631434009504,0.9855724456012828,0.99544275911676,0.9869914849672352,0.9967963479340424,0.987173002155587,0.9907576615829097,0.9908195151553321
M3,16,gini,5,0.08925619834710743,0.017554641148678864,0.06745923243140652,0.11105316426280835,0.10132231404958675,0.06049586776859504,0.10537190082644626,0.0894214876033058,0.0896694214876033
M3,16,hhi,5,0.09483570247933884,0.00159379438370563,0.0928567453725522,0.09681465958612548,0.09618305785123968,0.09228595041322313,0.0961892561983471,0.09477727272727272,0.09474297520661157
M3,16,dominant_predicted_class_ratio,5,0.13336363636363635,0.010619255860997151,0.12017808867332187,0.14654918405395084,0.1409090909090909,0.11545454545454545,0.14181818181818182,0.13454545454545455,0.1340909090909091
M3,18,accuracy,5,0.9187272727272727,0.005458332019010232,0.9119498583690249,0.9255046870855206,0.9231818181818182,0.9172727272727272,0.9104545454545454,0.9186363636363636,0.9240909090909091
M3,18,macro_f1,5,0.9153345604481291,0.0038536890636015997,0.9105495734775835,0.9201195474186747,0.9183120491309374,0.9163464036775664,0.9098407802502776,0.9130700720727972,0.919103497109067
M3,18,balanced_accuracy,5,0.9187272727272727,0.005458332019010141,0.911949858369025,0.9255046870855205,0.9231818181818181,0.9172727272727272,0.9104545454545455,0.9186363636363635,0.924090909090909
M3,18,prediction_concentration,5,0.12972727272727275,0.01929704726267341,0.10576682386957467,0.15368772158497082,0.14227272727272727,0.10954545454545454,0.10772727272727273,0.14545454545454545,0.14363636363636365
M3,18,normalized_prediction_entropy,5,0.9908577707066575,0.00677465245444155,0.9824459286536347,0.9992696127596803,0.9869521130982636,0.9980949310173169,0.998356653981227,0.9847107538909214,0.9861744015455584
M3,18,gini,5,0.08322314049586779,0.03447796800837423,0.04041308888864838,0.12603319210308722,0.0990909090909091,0.046859504132231396,0.04603305785123967,0.12024793388429753,0.10388429752066118
M3,18,hhi,5,0.09466099173553719,0.0027452175507593573,0.09125235393552218,0.09806962953555219,0.09625123966942149,0.09172851239669422,0.09162190082644629,0.09715371900826447,0.09654958677685951
M3,18,dominant_predicted_class_ratio,5,0.12972727272727275,0.01929704726267341,0.10576682386957467,0.15368772158497082,0.14227272727272727,0.10954545454545454,0.10772727272727273,0.14545454545454545,0.14363636363636365
M4,-20,accuracy,5,0.09963636363636363,0.0036561959185800377,0.09509659679388326,0.10417613047884401,0.10045454545454545,0.09909090909090909,0.09681818181818182,0.10545454545454545,0.09636363636363636
M4,-20,macro_f1,5,0.08246489693036116,0.006541074801745299,0.0743430798394762,0.09058671402124611,0.08433196630421275,0.079981387571944,0.07467483666842067,0.09238956337241461,0.08094673073481376
M4,-20,balanced_accuracy,5,0.09963636363636365,0.0036561959185800377,0.09509659679388327,0.10417613047884403,0.10045454545454548,0.09909090909090912,0.09681818181818183,0.10545454545454547,0.09636363636363637
M4,-20,prediction_concentration,5,0.2794545454545455,0.04618772331609307,0.22210491225395618,0.33680417865513484,0.25045454545454543,0.35409090909090907,0.2540909090909091,0.29454545454545455,0.24409090909090908
M4,-20,normalized_prediction_entropy,5,0.8601248517032942,0.015857035056451852,0.8404357421554429,0.8798139612511455,0.8601489790666166,0.8327453940022144,0.8684439587497994,0.8713386219735954,0.8679473047242454
M4,-20,gini,5,0.438396694214876,0.01816768797283405,0.41583853012840843,0.46095485830134353,0.44661157024793385,0.4661157024793388,0.432396694214876,0.4238842975206612,0.42297520661157023
M4,-20,hhi,5,0.15776826446280992,0.014615067184313397,0.13962126170871872,0.17591526721690112,0.15703677685950412,0.18235702479338842,0.15002768595041321,0.15516280991735537,0.14425702479338842
M4,-20,dominant_predicted_class_ratio,5,0.2794545454545455,0.04618772331609307,0.22210491225395618,0.33680417865513484,0.25045454545454543,0.35409090909090907,0.2540909090909091,0.29454545454545455,0.24409090909090908
M4,-18,accuracy,5,0.11327272727272727,0.00749931126314194,0.10396110246595994,0.12258435207949461,0.10954545454545454,0.10636363636363637,0.12045454545454545,0.10772727272727273,0.12227272727272727
M4,-18,macro_f1,5,0.0951877456668346,0.005628196060759619,0.08819941724335714,0.10217607409031207,0.09074278928671721,0.08919446481662029,0.09936264253369459,0.09419723008617185,0.1024416016109691
M4,-18,balanced_accuracy,5,0.11327272727272726,0.0074993112631419456,0.10396110246595991,0.12258435207949461,0.10954545454545453,0.10636363636363635,0.12045454545454545,0.10772727272727273,0.12227272727272727
M4,-18,prediction_concentration,5,0.2833636363636364,0.05204356884237705,0.21874301059401763,0.3479842621332551,0.26136363636363635,0.3690909090909091,0.23136363636363635,0.2881818181818182,0.26681818181818184
M4,-18,normalized_prediction_entropy,5,0.853779001213228,0.02374901187070987,0.8242907081804538,0.8832672942460023,0.8504383978738684,0.8194933094494202,0.8717268728451639,0.8802562371355326,0.8469801887621546
M4,-18,gini,5,0.4466446280991736,0.034159665200199384,0.40422980162939204,0.48905945456895517,0.46256198347107436,0.4831404958677686,0.42561983471074377,0.39818181818181825,0.4637190082644629
M4,-18,hhi,5,0.16111090909090908,0.01816668862109745,0.1385539858635144,0.18366783231830378,0.16144628099173555,0.19176322314049588,0.14601322314049586,0.14954297520661158,0.15678884297520662
M4,-18,dominant_predicted_class_ratio,5,0.2833636363636364,0.05204356884237705,0.21874301059401763,0.3479842621332551,0.26136363636363635,0.3690909090909091,0.23136363636363635,0.2881818181818182,0.26681818181818184
M4,-16,accuracy,5,0.14263636363636362,0.007339184993147148,0.13352356185421546,0.15174916541851177,0.1431818181818182,0.14227272727272727,0.15181818181818182,0.13136363636363638,0.14454545454545453
M4,-16,macro_f1,5,0.12273469356662652,0.003030186754592531,0.11897221976561506,0.12649716736763797,0.12151676553361747,0.1255930649873556,0.1263039510044887,0.11951161941010208,0.12074806689756871
M4,-16,balanced_accuracy,5,0.14263636363636362,0.007339184993147148,0.13352356185421546,0.15174916541851177,0.1431818181818182,0.14227272727272727,0.15181818181818182,0.13136363636363638,0.14454545454545453
M4,-16,prediction_concentration,5,0.2788181818181818,0.06355563060672266,0.199903443410677,0.3577329202256866,0.24454545454545454,0.37227272727272726,0.2009090909090909,0.2868181818181818,0.28954545454545455
M4,-16,normalized_prediction_entropy,5,0.8647298398464711,0.029265316178232713,0.8283921503519094,0.9010675293410328,0.8586395682158339,0.8259785789782917,0.9015969474428305,0.8844667181331244,0.8529673864622753
M4,-16,gini,5,0.4283305785123967,0.040585345572686934,0.3779372160601328,0.4787239409646606,0.4421487603305785,0.47181818181818175,0.37595041322314054,0.3962809917355372,0.45545454545454545
M4,-16,hhi,5,0.1576279338842975,0.021536941171347888,0.13088628940040242,0.18436957836819257,0.15533429752066116,0.1915987603305785,0.13290371900826445,0.14864586776859504,0.15965702479338845
M4,-16,dominant_predicted_class_ratio,5,0.2788181818181818,0.06355563060672266,0.199903443410677,0.3577329202256866,0.24454545454545454,0.37227272727272726,0.2009090909090909,0.2868181818181818,0.28954545454545455
M4,-14,accuracy,5,0.1982727272727273,0.006260528322436783,0.19049925464502254,0.20604619990043205,0.19545454545454546,0.19954545454545455,0.20863636363636365,0.19318181818181818,0.19454545454545455
M4,-14,macro_f1,5,0.17860672179930379,0.007400611726683112,0.16941764865359676,0.1877957949450108,0.17401888439101354,0.18367248630947755,0.1853248037609932,0.1821270771591478,0.16789035737588687
M4,-14,balanced_accuracy,5,0.19827272727272727,0.006260528322436762,0.19049925464502254,0.206046199900432,0.19545454545454544,0.19954545454545453,0.20863636363636362,0.19318181818181823,0.19454545454545455
M4,-14,prediction_concentration,5,0.266,0.05064093336651099,0.20312097620336755,0.3288790237966325,0.22772727272727272,0.3431818181818182,0.21363636363636362,0.2740909090909091,0.27136363636363636
M4,-14,normalized_prediction_entropy,5,0.880163909220024,0.030458485542363054,0.8423447042822619,0.917983114157786,0.86972222197207,0.8497267638733843,0.9267200102476825,0.8930071512524088,0.861643398754574
M4,-14,gini,5,0.4060826446280991,0.05102663659538566,0.3427247070181821,0.46944058223801616,0.4315702479338844,0.44272727272727275,0.32776859504132233,0.38132231404958683,0.4470247933884297
M4,-14,hhi,5,0.14881479338842976,0.018546563229684242,0.1257861935357211,0.17184339324113843,0.14936487603305784,0.1744314049586777,0.12321280991735536,0.14288595041322316,0.1541789256198347
M4,-14,dominant_predicted_class_ratio,5,0.266,0.05064093336651099,0.20312097620336755,0.3288790237966325,0.22772727272727272,0.3431818181818182,0.21363636363636362,0.2740909090909091,0.27136363636363636
M4,-12,accuracy,5,0.2762727272727273,0.008560673102445975,0.2656432476810288,0.28690220686442575,0.2731818181818182,0.28863636363636364,0.2718181818181818,0.26681818181818184,0.2809090909090909
M4,-12,macro_f1,5,0.2583427873459401,0.008776102216743051,0.24744581717885397,0.26923975751302615,0.2502373386810478,0.27326360352433493,0.2547212333125843,0.2576219374238688,0.2558698237878645
M4,-12,balanced_accuracy,5,0.27627272727272734,0.008560673102445977,0.26564324768102887,0.2869022068644258,0.2731818181818182,0.28863636363636364,0.27181818181818185,0.26681818181818184,0.28090909090909094
M4,-12,prediction_concentration,5,0.26845454545454545,0.0498619996416556,0.2065426956210527,0.3303663952880382,0.21363636363636362,0.33954545454545454,0.22863636363636364,0.28363636363636363,0.2768181818181818
M4,-12,normalized_prediction_entropy,5,0.8943177284680953,0.026104853458159823,0.8619042717507133,0.9267311851854774,0.8908315509410185,0.8635399823981104,0.9328825833472472,0.9037847791836678,0.8805497464704327
M4,-12,gini,5,0.3754710743801653,0.050288879304834624,0.3130291834373378,0.4379129653229928,0.39578512396694215,0.41991735537190084,0.296198347107438,0.35685950413223133,0.4085950413223141
M4,-12,hhi,5,0.14382628099173553,0.017549756921903366,0.1220353796445808,0.16561718233889025,0.1377590909090909,0.16999380165289257,0.12166859504132232,0.1419099173553719,0.1478
M4,-12,dominant_predicted_class_ratio,5,0.26845454545454545,0.0498619996416556,0.2065426956210527,0.3303663952880382,0.21363636363636362,0.33954545454545454,0.22863636363636364,0.28363636363636363,0.2768181818181818
M4,-10,accuracy,5,0.3867272727272727,0.008810446466675144,0.3757876585415006,0.3976668869130448,0.37454545454545457,0.3936363636363636,0.39045454545454544,0.38045454545454543,0.39454545454545453
M4,-10,macro_f1,5,0.3682327645642124,0.011012243010451872,0.35455925887866324,0.38190627024976154,0.34970181334527795,0.37369780032024613,0.37699056473995446,0.36679264476296647,0.37398099965261655
M4,-10,balanced_accuracy,5,0.3867272727272727,0.008810446466675146,0.3757876585415006,0.3976668869130448,0.37454545454545457,0.3936363636363636,0.39045454545454544,0.3804545454545455,0.3945454545454546
M4,-10,prediction_concentration,5,0.2730909090909091,0.04016289147010795,0.22322209268871102,0.3229597254931072,0.22045454545454546,0.3259090909090909,0.24954545454545454,0.29045454545454547,0.2790909090909091
M4,-10,normalized_prediction_entropy,5,0.9127050303652761,0.020022048551503045,0.8878443735085869,0.9375656872219652,0.9197762903541983,0.8816765278169563,0.9364014147012254,0.9166568708961988,0.9090140480578014
M4,-10,gini,5,0.3299173553719008,0.04204195672497494,0.2777153712924588,0.3821193394513428,0.3409917355371901,0.38305785123966934,0.2709917355371901,0.3094214876033058,0.34512396694214875
M4,-10,hhi,5,0.1380300826446281,0.014109081028716896,0.1205113446835306,0.15554882060572559,0.12727892561983473,0.1599888429752066,0.12407892561983472,0.13961611570247934,0.13918760330578514
M4,-10,dominant_predicted_class_ratio,5,0.2730909090909091,0.04016289147010795,0.22322209268871102,0.3229597254931072,0.22045454545454546,0.3259090909090909,0.24954545454545454,0.29045454545454547,0.2790909090909091
M4,-8,accuracy,5,0.4917272727272727,0.011306218577066167,0.477688748164307,0.5057657972902383,0.5027272727272727,0.48045454545454547,0.4822727272727273,0.48863636363636365,0.5045454545454545
M4,-8,macro_f1,5,0.47082973036267906,0.008289234200779552,0.46053728668289173,0.4811221740424664,0.4745268177466979,0.4600900645318095,0.4672457156072985,0.46995718288444566,0.48232887104314376
M4,-8,balanced_accuracy,5,0.4917272727272727,0.011306218577066205,0.47768874816430695,0.5057657972902384,0.5027272727272728,0.48045454545454547,0.48227272727272724,0.48863636363636365,0.5045454545454545
M4,-8,prediction_concentration,5,0.22981818181818178,0.020917982299234174,0.20384507628215912,0.2557912873542045,0.21863636363636363,0.25045454545454543,0.20136363636363636,0.24954545454545454,0.2290909090909091
M4,-8,normalized_prediction_entropy,5,0.9420989293601375,0.0095414733762637,0.9302516253790112,0.9539462333412638,0.9344931537560419,0.9317123555107706,0.9550239152391677,0.9415882909341765,0.9476769313605306
M4,-8,gini,5,0.2742314049586777,0.024698191897656284,0.24356454925863,0.30489826065872544,0.3046280991735537,0.29537190082644627,0.2466115702479339,0.25909090909090915,0.26545454545454544
M4,-8,hhi,5,0.1199014876033058,0.005498355038981229,0.11307437810206054,0.12672859710455103,0.12097933884297521,0.12610702479338842,0.11160041322314049,0.12284256198347107,0.11797809917355372
M4,-8,dominant_predicted_class_ratio,5,0.22981818181818178,0.020917982299234174,0.20384507628215912,0.2557912873542045,0.21863636363636363,0.25045454545454543,0.20136363636363636,0.24954545454545454,0.2290909090909091
M4,-6,accuracy,5,0.6276363636363635,0.007656089241860947,0.6181300732577096,0.6371426540150175,0.64,0.6295454545454545,0.6218181818181818,0.6254545454545455,0.6213636363636363
M4,-6,macro_f1,5,0.6103562415341418,0.00587389004253778,0.603062843738915,0.6176496393293686,0.6164719274815644,0.612535719096821,0.6131502464040454,0.6084563321568262,0.601166982531452
M4,-6,balanced_accuracy,5,0.6276363636363638,0.00765608924186096,0.6181300732577099,0.6371426540150177,0.64,0.6295454545454547,0.6218181818181818,0.6254545454545455,0.6213636363636363
M4,-6,prediction_concentration,5,0.14554545454545456,0.006202505492151158,0.13784402677718935,0.15324688231371977,0.14954545454545454,0.1481818181818182,0.13454545454545455,0.14727272727272728,0.1481818181818182
M4,-6,normalized_prediction_entropy,5,0.9763336746834017,0.004885896898862823,0.9702670324051483,0.9824003169616551,0.969918083142515,0.9726584558379479,0.9818388234741876,0.9786334445239625,0.9786195664383956
M4,-6,gini,5,0.1787107438016529,0.02162405814637593,0.15186092930623307,0.2055605582970727,0.20942148760330578,0.1909090909090909,0.15876033057851238,0.15958677685950412,0.17487603305785127
M4,-6,hhi,5,0.10071454545454546,0.002079680725812696,0.09813228076954555,0.10329681013954536,0.10345661157024791,0.10218471074380166,0.09833429752066115,0.09942685950413223,0.10017024793388431
M4,-6,dominant_predicted_class_ratio,5,0.14554545454545456,0.006202505492151158,0.13784402677718935,0.15324688231371977,0.14954545454545454,0.1481818181818182,0.13454545454545455,0.14727272727272728,0.1481818181818182
M4,-4,accuracy,5,0.7552727272727272,0.006638542606166228,0.7470298879181088,0.7635155666273457,0.7645454545454545,0.7531818181818182,0.7463636363636363,0.7577272727272727,0.7545454545454545
M4,-4,macro_f1,5,0.7449931920172425,0.0020740302578340273,0.7424179433149046,0.7475684407195803,0.7469645846329044,0.7458228939235654,0.7454135946679379,0.741476419882032,0.7452884669797727
M4,-4,balanced_accuracy,5,0.7552727272727273,0.006638542606166204,0.747029887918109,0.7635155666273457,0.7645454545454545,0.7531818181818182,0.7463636363636365,0.7577272727272728,0.7545454545454544
M4,-4,prediction_concentration,5,0.13645454545454544,0.012866125682684922,0.12047914039799075,0.15242995051110014,0.145,0.1409090909090909,0.11363636363636363,0.1409090909090909,0.14181818181818182
M4,-4,normalized_prediction_entropy,5,0.9843520147226668,0.006820284414637674,0.9758835131075009,0.9928205163378326,0.9795970170607099,0.9861156105195048,0.9949164541787793,0.9773983193543223,0.9837326725000174
M4,-4,gini,5,0.13776859504132233,0.030093711069582054,0.1004023174338762,0.17513487264876845,0.1524793388429752,0.13611570247933882,0.08760330578512396,0.1662809917355372,0.14636363636363636
M4,-4,hhi,5,0.09729024793388429,0.0026311952824079232,0.09402318747947479,0.10055730838829378,0.09891694214876032,0.09678884297520661,0.09309793388429752,0.09994545454545456,0.09770206611570247
M4,-4,dominant_predicted_class_ratio,5,0.13645454545454544,0.012866125682684922,0.12047914039799075,0.15242995051110014,0.145,0.1409090909090909,0.11363636363636363,0.1409090909090909,0.14181818181818182
M4,-2,accuracy,5,0.8263636363636364,0.005529784118452945,0.8194975025059145,0.8332297702213584,0.8304545454545454,0.8259090909090909,0.8327272727272728,0.8186363636363636,0.8240909090909091
M4,-2,macro_f1,5,0.8194439557790428,0.008882577859815109,0.8084147786392686,0.8304731329188171,0.8200632954977117,0.8218751758237359,0.8313527032758632,0.8066918434552028,0.8172367608427006
M4,-2,balanced_accuracy,5,0.8263636363636364,0.005529784118452903,0.8194975025059145,0.8332297702213584,0.8304545454545454,0.825909090909091,0.8327272727272728,0.8186363636363637,0.8240909090909091
M4,-2,prediction_concentration,5,0.12254545454545455,0.01430049412542815,0.104789045833386,0.1403018632575231,0.1340909090909091,0.11409090909090909,0.10136363636363636,0.13090909090909092,0.13227272727272726
M4,-2,normalized_prediction_entropy,5,0.9905589763221423,0.005634727471140066,0.9835625380815379,0.9975554145627467,0.9875339829505209,0.9938442907488866,0.9980375496890788,0.9834351139660664,0.9899439442561587
M4,-2,gini,5,0.10153719008264461,0.031931193528305,0.061889376658871266,0.14118500350641797,0.11520661157024792,0.09669421487603304,0.05280991735537189,0.14016528925619837,0.1028099173553719
M4,-2,hhi,5,0.09474909090909091,0.002217060786455359,0.09199624634871996,0.09750193546946186,0.09586818181818181,0.09354793388429752,0.09174173553719008,0.09754876033057851,0.09503884297520661
M4,-2,dominant_predicted_class_ratio,5,0.12254545454545455,0.01430049412542815,0.104789045833386,0.1403018632575231,0.1340909090909091,0.11409090909090909,0.10136363636363636,0.13090909090909092,0.13227272727272726
M4,0,accuracy,5,0.8817272727272727,0.0042079224767393175,0.876502446880673,0.8869520985738724,0.8863636363636364,0.875,0.8822727272727273,0.8813636363636363,0.8836363636363637
M4,0,macro_f1,5,0.8762276107756517,0.006433388872720789,0.8682395034259496,0.8842157181253538,0.8798136416707664,0.8650354677871362,0.8770512934399154,0.8782493073847408,0.8809883435957002
M4,0,balanced_accuracy,5,0.8817272727272727,0.0042079224767393175,0.876502446880673,0.8869520985738724,0.8863636363636364,0.875,0.8822727272727273,0.8813636363636363,0.8836363636363637
M4,0,prediction_concentration,5,0.13427272727272727,0.010501869176406033,0.12123293440253807,0.14731252014291646,0.1390909090909091,0.14909090909090908,0.13363636363636364,0.12181818181818181,0.12772727272727272
M4,0,normalized_prediction_entropy,5,0.9900198452468196,0.004730925830663855,0.984145624964712,0.9958940655289272,0.9875099668563663,0.9832881365633385,0.9906734276173248,0.9948648300024066,0.9937628651946618
M4,0,gini,5,0.09905785123966941,0.019332979262196424,0.07505278691178013,0.12306291556755869,0.11421487603305785,0.12330578512396694,0.09537190082644628,0.07760330578512396,0.08479338842975205
M4,0,hhi,5,0.09505743801652893,0.0018775142739947542,0.09272619613639596,0.09738867989666189,0.0960495867768595,0.09772685950413224,0.09479917355371902,0.0930987603305785,0.09361280991735536
M4,0,dominant_predicted_class_ratio,5,0.13427272727272727,0.010501869176406033,0.12123293440253807,0.14731252014291646,0.1390909090909091,0.14909090909090908,0.13363636363636364,0.12181818181818181,0.12772727272727272
M4,2,accuracy,5,0.9006363636363636,0.004034971094758558,0.8956262852942091,0.9056464419785181,0.8936363636363637,0.9027272727272727,0.9009090909090909,0.9022727272727272,0.9036363636363637
M4,2,macro_f1,5,0.8947066313625763,0.005700858745774303,0.8876280802991033,0.9017851824260493,0.8852137640515029,0.8938783269103119,0.8971532889279825,0.8975930736499009,0.8996947032731829
M4,2,balanced_accuracy,5,0.9006363636363636,0.004034971094758537,0.8956262852942091,0.9056464419785181,0.8936363636363637,0.9027272727272727,0.9009090909090909,0.9022727272727272,0.9036363636363636
M4,2,prediction_concentration,5,0.13236363636363638,0.008863053593895527,0.12135870180194581,0.14336857092532693,0.13818181818181818,0.145,0.12681818181818183,0.12409090909090909,0.12772727272727272
M4,2,normalized_prediction_entropy,5,0.9900185489650084,0.004271801626141489,0.9847144066783602,0.9953226912516566,0.986878283236958,0.9840769659924695,0.9931243418040744,0.9934108716402769,0.9926022821512632
M4,2,gini,5,0.09557024793388429,0.017796883113687545,0.07347249889137795,0.11766799697639062,0.11140495867768596,0.11735537190082646,0.08305785123966943,0.07710743801652892,0.08892561983471073
M4,2,hhi,5,0.09496239669421488,0.0016416363627210367,0.09292403592448199,0.09700075746394778,0.09615537190082646,0.09725123966942148,0.09378760330578513,0.09361322314049587,0.09400454545454545
M4,2,dominant_predicted_class_ratio,5,0.13236363636363638,0.008863053593895527,0.12135870180194581,0.14336857092532693,0.13818181818181818,0.145,0.12681818181818183,0.12409090909090909,0.12772727272727272
M4,4,accuracy,5,0.9082727272727272,0.005004130525281058,0.9020592785571733,0.9144861759882812,0.9009090909090909,0.9059090909090909,0.9127272727272727,0.9090909090909091,0.9127272727272727
M4,4,macro_f1,5,0.9014697728037981,0.006160031975834618,0.8938210828716203,0.909118462735976,0.8932216357213644,0.8971450153172704,0.9061888477725809,0.9029535520907708,0.9078398131170051
M4,4,balanced_accuracy,5,0.9082727272727272,0.005004130525281058,0.9020592785571733,0.9144861759882812,0.9009090909090908,0.9059090909090909,0.9127272727272726,0.9090909090909093,0.9127272727272726
M4,4,prediction_concentration,5,0.144,0.005295015588517625,0.13742536977380992,0.15057463022619005,0.14636363636363636,0.14954545454545454,0.14681818181818182,0.1409090909090909,0.13636363636363635
M4,4,normalized_prediction_entropy,5,0.9854630231075024,0.002732703686070573,0.9820699233227499,0.988856122892255,0.9840513524033063,0.98239092663415,0.9844767506944545,0.9870785146560151,0.9893175711495859
M4,4,gini,5,0.10920661157024794,0.00815895461442494,0.09907593136253802,0.11933729177795786,0.1162809917355372,0.1167768595041322,0.11090909090909093,0.10438016528925619,0.09768595041322312
M4,4,hhi,5,0.0967894214876033,0.001044948208159202,0.09549194691754449,0.09808689605766212,0.09732438016528926,0.0979400826446281,0.09720743801652892,0.09616776859504132,0.09530743801652893
M4,4,dominant_predicted_class_ratio,5,0.144,0.005295015588517625,0.13742536977380992,0.15057463022619005,0.14636363636363636,0.14954545454545454,0.14681818181818182,0.1409090909090909,0.13636363636363635
M4,6,accuracy,5,0.9193636363636364,0.01314493271943018,0.9030420466471092,0.9356852260801636,0.915,0.9190909090909091,0.9268181818181818,0.9354545454545454,0.9004545454545455
M4,6,macro_f1,5,0.9150268426787829,0.014586347117851398,0.8969155005972436,0.9331381847603222,0.9080241069307806,0.9122995891943745,0.922239646017329,0.9355127238514708,0.8970581473999595
M4,6,balanced_accuracy,5,0.9193636363636364,0.013144932719430215,0.9030420466471092,0.9356852260801636,0.9149999999999999,0.9190909090909091,0.9268181818181817,0.9354545454545454,0.9004545454545454
M4,6,prediction_concentration,5,0.13199999999999998,0.021480819812910095,0.10532803938640739,0.15867196061359257,0.1459090909090909,0.1481818181818182,0.1409090909090909,0.0959090909090909,0.1290909090909091
M4,6,normalized_prediction_entropy,5,0.9896304243356191,0.00674421172163383,0.9812563794446025,0.9980044692266357,0.9842104769245829,0.9836420811214878,0.9878100123023779,0.9998425732976257,0.9926469780320215
M4,6,gini,5,0.08793388429752065,0.04239472068610829,0.035293885907675605,0.1405738826873657,0.11999999999999998,0.1133884297520661,0.10289256198347106,0.01520661157024793,0.08818181818181817
M4,6,hhi,5,0.09515628099173554,0.00271712165764656,0.09178252885069607,0.098530033132775,0.09729834710743801,0.09751859504132232,0.09595537190082644,0.09097809917355373,0.09403099173553718
M4,6,dominant_predicted_class_ratio,5,0.13199999999999998,0.021480819812910095,0.10532803938640739,0.15867196061359257,0.1459090909090909,0.1481818181818182,0.1409090909090909,0.0959090909090909,0.1290909090909091
M4,8,accuracy,5,0.9133636363636363,0.004608651583867859,0.9076412396116827,0.9190860331155898,0.9109090909090909,0.9163636363636364,0.9190909090909091,0.9072727272727272,0.9131818181818182
M4,8,macro_f1,5,0.9080954574623297,0.0032178841063465616,0.904099926617087,0.9120909883075723,0.9038915299766294,0.9082952154666266,0.912813155560493,0.9069657228979494,0.9085116634099498
M4,8,balanced_accuracy,5,0.9133636363636363,0.004608651583867821,0.9076412396116829,0.9190860331155897,0.9109090909090909,0.9163636363636364,0.9190909090909091,0.9072727272727273,0.9131818181818182
M4,8,prediction_concentration,5,0.13727272727272727,0.020312639065003937,0.11205125463720451,0.16249419990825004,0.14681818181818182,0.15227272727272728,0.14772727272727273,0.10227272727272728,0.13727272727272727
M4,8,normalized_prediction_entropy,5,0.987490143121869,0.007298313189825351,0.9784280903864472,0.9965521958572908,0.98409213604805,0.9808073386119298,0.98378886587714,0.9992894832685855,0.9894728918036397
M4,8,gini,5,0.09652892561983473,0.0395506572741019,0.04742029837728658,0.1456375528623829,0.11669421487603306,0.12545454545454549,0.11619834710743802,0.028512396694214893,0.09578512396694214
M4,8,hhi,5,0.09597818181818182,0.002911760042302921,0.09236275420224602,0.09959360943411763,0.09734628099173553,0.09856404958677686,0.09747190082644629,0.09121900826446282,0.0952896694214876
M4,8,dominant_predicted_class_ratio,5,0.13727272727272727,0.020312639065003937,0.11205125463720451,0.16249419990825004,0.14681818181818182,0.15227272727272728,0.14772727272727273,0.10227272727272728,0.13727272727272727
M4,10,accuracy,5,0.9259999999999999,0.005982066864131645,0.91857228293996,0.9334277170600399,0.9168181818181819,0.9286363636363636,0.9322727272727273,0.9236363636363636,0.9286363636363636
M4,10,macro_f1,5,0.9224261494034509,0.006301208733293967,0.9146021653741526,0.9302501334327492,0.9116870063752409,0.923516884907804,0.928149069268951,0.9234282969031394,0.9253494895621196
M4,10,balanced_accuracy,5,0.9259999999999999,0.005982066864131662,0.91857228293996,0.9334277170600399,0.9168181818181819,0.9286363636363636,0.9322727272727274,0.9236363636363637,0.9286363636363636
M4,10,prediction_concentration,5,0.1319090909090909,0.017672993825150328,0.1099651707359243,0.1538530110822575,0.14045454545454544,0.14363636363636365,0.14045454545454544,0.1009090909090909,0.1340909090909091
M4,10,normalized_prediction_entropy,5,0.9903910250415302,0.005331822547878449,0.9837706929390184,0.997011357144042,0.9874312584174092,0.9862948109724807,0.9880018731601139,0.9994645008412868,0.9907626818163602
M4,10,gini,5,0.08626446280991734,0.03491940431173633,0.042906295637313054,0.12962262998252164,0.11008264462809915,0.10495867768595041,0.09834710743801653,0.02487603305785124,0.09305785123966942
M4,10,hhi,5,0.09488272727272727,0.002187584775450967,0.09216648201403115,0.0975989725314234,0.09610702479338844,0.0965210743801653,0.09586239669421488,0.09114256198347108,0.0947805785123967
M4,10,dominant_predicted_class_ratio,5,0.1319090909090909,0.017672993825150328,0.1099651707359243,0.1538530110822575,0.14045454545454544,0.14363636363636365,0.14045454545454544,0.1009090909090909,0.1340909090909091
M4,12,accuracy,5,0.9246363636363636,0.0028819759062086057,0.9210579179099337,0.9282148093627934,0.9236363636363636,0.9236363636363636,0.9290909090909091,0.9213636363636364,0.9254545454545454
M4,12,macro_f1,5,0.9204420944497347,0.0026373261158314895,0.9171674215601842,0.9237167673392852,0.9180316750199661,0.9180166686373066,0.9244003028246794,0.9206851998394345,0.921076625927287
M4,12,balanced_accuracy,5,0.9246363636363636,0.002881975906208645,0.9210579179099336,0.9282148093627935,0.9236363636363635,0.9236363636363635,0.929090909090909,0.9213636363636362,0.9254545454545454
M4,12,prediction_concentration,5,0.1358181818181818,0.014869959733615249,0.11735468816221212,0.1542816754741515,0.1431818181818182,0.145,0.14272727272727273,0.10954545454545454,0.13863636363636364
M4,12,normalized_prediction_entropy,5,0.9891561940672329,0.005294671425207494,0.9825819911762346,0.9957303969582312,0.9865639133302386,0.9850430448548666,0.987029382660944,0.9983140810668469,0.9888305484232677
M4,12,gini,5,0.09031404958677687,0.029815783469910626,0.05329286467394995,0.1273352344996038,0.10347107438016528,0.1171900826446281,0.09892561983471077,0.03950413223140495,0.09247933884297521
M4,12,hhi,5,0.0953698347107438,0.002153761107140734,0.09269558708327567,0.09804408233821192,0.09641694214876034,0.09702148760330578,0.0962495867768595,0.09163719008264462,0.09552396694214876
M4,12,dominant_predicted_class_ratio,5,0.1358181818181818,0.014869959733615249,0.11735468816221212,0.1542816754741515,0.1431818181818182,0.145,0.14272727272727273,0.10954545454545454,0.13863636363636364
M4,14,accuracy,5,0.9205454545454546,0.00509618233388143,0.9142177084131919,0.9268732006777172,0.9177272727272727,0.9240909090909091,0.9272727272727272,0.9145454545454546,0.9190909090909091
M4,14,macro_f1,5,0.9163043146824343,0.003986183348906406,0.9113548143278579,0.9212538150370108,0.9125417749671317,0.9182575882580934,0.9223523486741421,0.9140745759262026,0.9142952855866014
M4,14,balanced_accuracy,5,0.9205454545454546,0.005096182333881458,0.9142177084131919,0.9268732006777172,0.9177272727272726,0.924090909090909,0.9272727272727272,0.9145454545454544,0.9190909090909091
M4,14,prediction_concentration,5,0.13618181818181818,0.01652571249761169,0.11566243592886774,0.15670120043476862,0.14227272727272727,0.14636363636363636,0.1440909090909091,0.10681818181818181,0.14136363636363636
M4,14,normalized_prediction_entropy,5,0.9885734500457406,0.005596993619012244,0.981623864570837,0.9955230355206443,0.9867775981447326,0.9846426082352637,0.9859027032716647,0.9984395046359106,0.9871048359411313
M4,14,gini,5,0.09747107438016529,0.028984862590816448,0.06148161400826543,0.13346053475206515,0.10975206611570246,0.11305785123966942,0.11016528925619838,0.045702479338842965,0.10867768595041322
M4,14,hhi,5,0.09559520661157025,0.002270188732541976,0.09277639499324505,0.09841401822989546,0.0963495867768595,0.09715247933884297,0.09667809917355373,0.09158636363636365,0.09620950413223142
M4,14,dominant_predicted_class_ratio,5,0.13618181818181818,0.01652571249761169,0.11566243592886774,0.15670120043476862,0.14227272727272727,0.14636363636363636,0.1440909090909091,0.10681818181818181,0.14136363636363636
M4,16,accuracy,5,0.9268181818181818,0.005092126477820042,0.9204954716963725,0.9331408919399911,0.9277272727272727,0.9327272727272727,0.9277272727272727,0.9186363636363636,0.9272727272727272
M4,16,macro_f1,5,0.9235340059625816,0.003973326701796322,0.9186004692438594,0.9284675426813038,0.9232304608618556,0.9292395714022395,0.924118336581899,0.9180665586176245,0.9230151023492893
M4,16,balanced_accuracy,5,0.9268181818181818,0.0050921264778200715,0.9204954716963725,0.9331408919399911,0.9277272727272726,0.9327272727272727,0.9277272727272726,0.9186363636363635,0.927272727272727
M4,16,prediction_concentration,5,0.13181818181818183,0.013798281124236858,0.11468535290912237,0.1489510107272413,0.13863636363636364,0.13636363636363635,0.1368181818181818,0.10727272727272727,0.14
M4,16,normalized_prediction_entropy,5,0.990907732329906,0.004385997997249784,0.9854617965205271,0.9963536681392849,0.9885627769414984,0.9899982777494196,0.9895397164858414,0.998607224774984,0.9878306656977867
M4,16,gini,5,0.08621487603305784,0.0264988759035427,0.05331217583075963,0.11911757623535606,0.09884297520661157,0.09074380165289254,0.09636363636363635,0.03975206611570247,0.10537190082644629
M4,16,hhi,5,0.09467826446280991,0.0018003518266380563,0.09244283241557305,0.09691369651004678,0.09562190082644628,0.09507768595041323,0.09525247933884298,0.09151198347107438,0.09592727272727272
M4,16,dominant_predicted_class_ratio,5,0.13181818181818183,0.013798281124236858,0.11468535290912237,0.1489510107272413,0.13863636363636364,0.13636363636363635,0.1368181818181818,0.10727272727272727,0.14
M4,18,accuracy,5,0.9204545454545455,0.0038435305739290306,0.9156821719149024,0.9252269189941886,0.9181818181818182,0.9195454545454546,0.9254545454545454,0.9159090909090909,0.9231818181818182
M4,18,macro_f1,5,0.9158970964382916,0.003417236615216601,0.9116540367598335,0.9201401561167498,0.911816172810346,0.9136657432419373,0.9205994261489877,0.9157884836469292,0.9176156563432585
M4,18,balanced_accuracy,5,0.9204545454545453,0.003843530573929034,0.9156821719149022,0.9252269189941884,0.9181818181818181,0.9195454545454544,0.9254545454545454,0.9159090909090909,0.9231818181818181
M4,18,prediction_concentration,5,0.13599999999999998,0.01990525077120263,0.11128436674217997,0.16071563325782,0.14545454545454545,0.14636363636363636,0.1431818181818182,0.10045454545454545,0.14454545454545453
M4,18,normalized_prediction_entropy,5,0.9881469842085752,0.006419527087929599,0.9801760885379991,0.9961178798791512,0.9843996122446886,0.9846370570542541,0.9865958494683241,0.9995253912113704,0.9855770110642387
M4,18,gini,5,0.09342148760330578,0.03924817664887879,0.04468843966325133,0.14215453554336022,0.11851239669421484,0.1134710743801653,0.10206611570247935,0.02404958677685949,0.10900826446280991
M4,18,hhi,5,0.09573272727272727,0.002601281818496772,0.09250280928951782,0.09896264525593673,0.09720909090909091,0.09715454545454547,0.09640330578512397,0.09111570247933884,0.09678099173553718
M4,18,dominant_predicted_class_ratio,5,0.13599999999999998,0.01990525077120263,0.11128436674217997,0.16071563325782,0.14545454545454545,0.14636363636363636,0.1431818181818182,0.10045454545454545,0.14454545454545453
M5,-20,accuracy,5,0.09627272727272727,0.0020928844424038776,0.09367406800819363,0.09887138653726092,0.09727272727272727,0.09863636363636363,0.09727272727272727,0.09363636363636364,0.09454545454545454
M5,-20,macro_f1,5,0.06914073436503905,0.006528940417518242,0.061033984102189194,0.0772474846278889,0.06617105658377463,0.06847046340765216,0.078267655425306,0.06078984764997577,0.07200464875848665
M5,-20,balanced_accuracy,5,0.09627272727272726,0.0020928844424038763,0.09367406800819361,0.09887138653726091,0.09727272727272726,0.09863636363636363,0.09727272727272727,0.09363636363636364,0.09454545454545454
M5,-20,prediction_concentration,5,0.38536363636363635,0.15449912407144248,0.19352763625010969,0.577199636477163,0.35409090909090907,0.3209090909090909,0.2459090909090909,0.65,0.3559090909090909
M5,-20,normalized_prediction_entropy,5,0.725093830563301,0.10190717163503255,0.5985593643853093,0.8516282967412927,0.7606552154935793,0.7204065050457679,0.8156328512989756,0.5532886381286709,0.775485942849511
M5,-20,gini,5,0.5865454545454547,0.07120383655204893,0.4981342141647903,0.6749566949261191,0.5685123966942149,0.6026446280991736,0.5061157024793389,0.6978512396694216,0.5576033057851241
M5,-20,hhi,5,0.24769528925619833,0.10992946189409984,0.11119983408038198,0.3841907444320147,0.2090297520661157,0.20931363636363637,0.1705314049586777,0.4421144628099174,0.2074871900826446
M5,-20,dominant_predicted_class_ratio,5,0.38536363636363635,0.15449912407144248,0.19352763625010969,0.577199636477163,0.35409090909090907,0.3209090909090909,0.2459090909090909,0.65,0.3559090909090909
M5,-18,accuracy,5,0.11263636363636365,0.0037675210518367456,0.10795836838382318,0.11731435888890411,0.1159090909090909,0.10863636363636364,0.11272727272727273,0.11681818181818182,0.10909090909090909
M5,-18,macro_f1,5,0.09015131989575567,0.0036396938123447672,0.08563204312448217,0.09467059666702918,0.08859428129663448,0.089405996092797,0.0963860889534137,0.08948998268472443,0.08688025045120876
M5,-18,balanced_accuracy,5,0.11263636363636365,0.0037675210518367448,0.10795836838382318,0.11731435888890411,0.11590909090909092,0.10863636363636364,0.11272727272727273,0.11681818181818181,0.10909090909090909
M5,-18,prediction_concentration,5,0.27009090909090905,0.03690841916092692,0.2242630537881721,0.31591876439364597,0.2922727272727273,0.23045454545454547,0.2340909090909091,0.315,0.2786363636363636
M5,-18,normalized_prediction_entropy,5,0.8354608833934076,0.04075262983831129,0.784859810091052,0.8860619566957633,0.8069913732401123,0.8299391326931919,0.8894257439241311,0.7887969373895357,0.8621512297200675
M5,-18,gini,5,0.4742644628099174,0.05516984226111631,0.40576205588770875,0.5427668697321261,0.5173553719008265,0.48338842975206614,0.39801652892561984,0.5317355371900827,0.44082644628099177
M5,-18,hhi,5,0.16267776859504135,0.017472452254457715,0.14098285367034702,0.18437268351973568,0.1753227272727273,0.1624239669421488,0.13852024793388432,0.1828504132231405,0.15427148760330575
M5,-18,dominant_predicted_class_ratio,5,0.27009090909090905,0.03690841916092692,0.2242630537881721,0.31591876439364597,0.2922727272727273,0.23045454545454547,0.2340909090909091,0.315,0.2786363636363636
M5,-16,accuracy,5,0.15872727272727272,0.0032524625127269696,0.15468880711971228,0.16276573833483315,0.15772727272727272,0.16045454545454546,0.15772727272727272,0.15454545454545454,0.16318181818181818
M5,-16,macro_f1,5,0.13522849944369844,0.008691736852427339,0.1244362827121785,0.14602071617521836,0.13212568906387978,0.1421231838194363,0.14181818717312175,0.12144386447319638,0.13863157268885778
M5,-16,balanced_accuracy,5,0.15872727272727274,0.0032524625127269675,0.1546888071197123,0.16276573833483318,0.15772727272727272,0.16045454545454546,0.15772727272727274,0.15454545454545454,0.16318181818181818
M5,-16,prediction_concentration,5,0.1710909090909091,0.007284082045094597,0.1620465266555527,0.1801352915262655,0.1690909090909091,0.16363636363636364,0.16727272727272727,0.17272727272727273,0.18272727272727274
M5,-16,normalized_prediction_entropy,5,0.9081628070468403,0.03709548807619987,0.8621026750068259,0.9542229390868546,0.8870518742771966,0.9216100523495191,0.9520354051266663,0.8561654794244486,0.9239512240563706
M5,-16,gini,5,0.33657851239669423,0.050676072656308864,0.27365585740899734,0.3995011673843911,0.35280991735537187,0.32165289256198343,0.26809917355371904,0.4078512396694215,0.3324793388429752
M5,-16,hhi,5,0.12429041322314052,0.010520476269693897,0.11122751659510458,0.13735330985117647,0.1270128099173554,0.12028636363636365,0.1114512396694215,0.14014669421487602,0.12255495867768595
M5,-16,dominant_predicted_class_ratio,5,0.1710909090909091,0.007284082045094597,0.1620465266555527,0.1801352915262655,0.1690909090909091,0.16363636363636364,0.16727272727272727,0.17272727272727273,0.18272727272727274
M5,-14,accuracy,5,0.21581818181818183,0.00577111645385595,0.2086523942879875,0.22298396934837614,0.2159090909090909,0.2177272727272727,0.20863636363636365,0.2240909090909091,0.21272727272727274
M5,-14,macro_f1,5,0.19545459793884454,0.006635883633518396,0.18721506013483516,0.20369413574285392,0.19531951247070548,0.20472485485669456,0.19735922609831366,0.19351364342948266,0.18635575283902633
M5,-14,balanced_accuracy,5,0.21581818181818183,0.005771116453855932,0.20865239428798754,0.2229839693483761,0.2159090909090909,0.21772727272727274,0.20863636363636368,0.22409090909090904,0.21272727272727268
M5,-14,prediction_concentration,5,0.1750909090909091,0.022103718695398046,0.14764551736040987,0.20253630082140833,0.16636363636363635,0.14772727272727273,0.16590909090909092,0.2009090909090909,0.19454545454545455
M5,-14,normalized_prediction_entropy,5,0.9228367077594282,0.02970300204583355,0.8859555594805439,0.9597178560383124,0.9086667065611875,0.9337823087202437,0.9658111363337373,0.8860554178315576,0.9198679693504143
M5,-14,gini,5,0.30993388429752067,0.061211875112636434,0.23392930270761503,0.3859384658874263,0.30107438016528926,0.28578512396694217,0.2279338842975207,0.38966942148760336,0.34520661157024796
M5,-14,hhi,5,0.1201495867768595,0.01042105742946594,0.10721013494347778,0.1330890386102412,0.12027520661157023,0.11445454545454548,0.10636694214876034,0.13334214876033054,0.12630909090909093
M5,-14,dominant_predicted_class_ratio,5,0.1750909090909091,0.022103718695398046,0.14764551736040987,0.20253630082140833,0.16636363636363635,0.14772727272727273,0.16590909090909092,0.2009090909090909,0.19454545454545455
M5,-12,accuracy,5,0.30081818181818176,0.008095504313052058,0.2907662855653617,0.3108700780710018,0.30318181818181816,0.3040909090909091,0.2913636363636364,0.31136363636363634,0.29409090909090907
M5,-12,macro_f1,5,0.2803384956145206,0.009419128811525948,0.26864310247480505,0.2920338887542362,0.27893371778962456,0.28797080176880036,0.28323634650382207,0.2868352056178033,0.26471640639255295
M5,-12,balanced_accuracy,5,0.3008181818181818,0.008095504313052084,0.29076628556536177,0.31087007807100187,0.30318181818181816,0.30409090909090913,0.29136363636363627,0.31136363636363634,0.2940909090909091
M5,-12,prediction_concentration,5,0.175,0.02506190682198222,0.14388153257280736,0.20611846742719261,0.14636363636363636,0.18363636363636363,0.15272727272727274,0.18545454545454546,0.20681818181818182
M5,-12,normalized_prediction_entropy,5,0.9360966382360395,0.02448353687857053,0.9056963119452243,0.9664969645268547,0.9380307132293585,0.9249229665924947,0.9726239690545583,0.9392251683197776,0.9056803739840084
M5,-12,gini,5,0.2828760330578512,0.06467065982496677,0.20257680301310743,0.36317526310259496,0.2834710743801653,0.3014876033057851,0.1943801652892562,0.2620661157024793,0.37297520661157024
M5,-12,hhi,5,0.11618669421487601,0.011265028318723893,0.10219931411277068,0.13017407431698136,0.11405206611570248,0.11746900826446281,0.10210909090909093,0.1138595041322314,0.13344380165289255
M5,-12,dominant_predicted_class_ratio,5,0.175,0.02506190682198222,0.14388153257280736,0.20611846742719261,0.14636363636363636,0.18363636363636363,0.15272727272727274,0.18545454545454546,0.20681818181818182
M5,-10,accuracy,5,0.41454545454545455,0.015387555345282524,0.39543928105284937,0.43365162803805973,0.42363636363636364,0.43363636363636365,0.41,0.4127272727272727,0.3927272727272727
M5,-10,macro_f1,5,0.3969322029218035,0.017262426010591816,0.3754980700227954,0.41836633582081156,0.40141622032567814,0.4166905986709276,0.4044840723905244,0.3914991873804448,0.37057093584144246
M5,-10,balanced_accuracy,5,0.41454545454545455,0.015387555345282501,0.39543928105284937,0.43365162803805973,0.42363636363636364,0.43363636363636365,0.41,0.41272727272727283,0.39272727272727276
M5,-10,prediction_concentration,5,0.17272727272727273,0.01916382180348436,0.14893224512589387,0.1965223003286516,0.16,0.1709090909090909,0.14954545454545454,0.1968181818181818,0.18636363636363637
M5,-10,normalized_prediction_entropy,5,0.9551849440277106,0.018427619742816936,0.9323040320204659,0.9780658560349553,0.9629233473883687,0.943160270786311,0.9827795967454459,0.9513001737767909,0.9357613314416363
M5,-10,gini,5,0.24396694214876033,0.05525718967820494,0.1753560790834166,0.31257780521410405,0.236198347107438,0.2620661157024793,0.15859504132231403,0.2521487603305785,0.3108264462809917
M5,-10,hhi,5,0.10960421487603304,0.007548804571880843,0.10023113600965262,0.11897729374241346,0.1065719008264463,0.11149049586776857,0.09874752066115701,0.11204999999999998,0.11916115702479338
M5,-10,dominant_predicted_class_ratio,5,0.17272727272727273,0.01916382180348436,0.14893224512589387,0.1965223003286516,0.16,0.1709090909090909,0.14954545454545454,0.1968181818181818,0.18636363636363637
M5,-8,accuracy,5,0.5315454545454545,0.013766800404902713,0.5144517141122298,0.5486391949786793,0.5286363636363637,0.5513636363636364,0.5186363636363637,0.5390909090909091,0.52
M5,-8,macro_f1,5,0.5151881456133055,0.012462505940779583,0.499713900659239,0.5306623905673721,0.5074511696637614,0.5330512461164857,0.5138591012941433,0.5208356094712107,0.5007436015209265
M5,-8,balanced_accuracy,5,0.5315454545454545,0.013766800404902744,0.5144517141122298,0.5486391949786793,0.5286363636363636,0.5513636363636364,0.5186363636363636,0.5390909090909091,0.52
M5,-8,prediction_concentration,5,0.14681818181818182,0.011281521496355324,0.13281032273119556,0.16082604090516808,0.13318181818181818,0.15136363636363637,0.1368181818181818,0.15954545454545455,0.15318181818181817
M5,-8,normalized_prediction_entropy,5,0.9729691689191554,0.010432700129942896,0.9600152607637495,0.9859230770745613,0.9762118189143377,0.9679030392069252,0.9883872297793544,0.9720481679862538,0.9602955887089055
M5,-8,gini,5,0.19127272727272726,0.04029845624985963,0.14123558496408709,0.24130986958136744,0.18702479338842973,0.20421487603305788,0.12818181818181815,0.19785123966942147,0.23909090909090908
M5,-8,hhi,5,0.10212066115702481,0.004017073231577776,0.09713280594722663,0.10710851636682299,0.10086074380165289,0.10366487603305785,0.09623636363636365,0.10265454545454544,0.10718677685950413
M5,-8,dominant_predicted_class_ratio,5,0.14681818181818182,0.011281521496355324,0.13281032273119556,0.16082604090516808,0.13318181818181818,0.15136363636363637,0.1368181818181818,0.15954545454545455,0.15318181818181817
M5,-6,accuracy,5,0.6759090909090909,0.008448922861564139,0.665418367568286,0.6863998142498958,0.675,0.6727272727272727,0.6654545454545454,0.6886363636363636,0.6777272727272727
M5,-6,macro_f1,5,0.6621345638688628,0.006536711432611556,0.6540181646163421,0.6702509631213835,0.6579351689129624,0.6578846958504032,0.6622477871235265,0.673389913643192,0.6592152538142296
M5,-6,balanced_accuracy,5,0.675909090909091,0.008448922861564144,0.6654183675682861,0.6863998142498959,0.6749999999999999,0.6727272727272727,0.6654545454545455,0.6886363636363637,0.6777272727272726
M5,-6,prediction_concentration,5,0.12536363636363637,0.012437446789619971,0.10992050645539027,0.1408067662718825,0.12272727272727273,0.1159090909090909,0.11545454545454545,0.12681818181818183,0.1459090909090909
M5,-6,normalized_prediction_entropy,5,0.9852848493684503,0.007626582385010778,0.9758151965916474,0.9947545021452532,0.9846711292358202,0.9884271224297121,0.9953208033902637,0.9836261612127001,0.9743790305737554
M5,-6,gini,5,0.1374380165289256,0.03926954970866646,0.08867843043000134,0.18619760262784985,0.14264462809917353,0.1209090909090909,0.08272727272727272,0.15181818181818182,0.1890909090909091
M5,-6,hhi,5,0.09691280991735536,0.0031161698824061753,0.09304357396208475,0.10078204587262597,0.09704421487603304,0.09545661157024794,0.09296115702479338,0.09765785123966944,0.10144421487603306
M5,-6,dominant_predicted_class_ratio,5,0.12536363636363637,0.012437446789619971,0.10992050645539027,0.1408067662718825,0.12272727272727273,0.1159090909090909,0.11545454545454545,0.12681818181818183,0.1459090909090909
M5,-4,accuracy,5,0.7952727272727274,0.004378761665015388,0.789835776556563,0.8007096779888917,0.7922727272727272,0.8013636363636364,0.7968181818181819,0.7959090909090909,0.79
M5,-4,macro_f1,5,0.7848624108483093,0.010803338860725003,0.7714482939245514,0.7982765277720673,0.7819232483607315,0.7964895910977031,0.7959094731840601,0.7767618238265872,0.773227917772465
M5,-4,balanced_accuracy,5,0.7952727272727274,0.004378761665015389,0.789835776556563,0.8007096779888917,0.7922727272727272,0.8013636363636365,0.7968181818181819,0.7959090909090908,0.7900000000000001
M5,-4,prediction_concentration,5,0.13172727272727275,0.024351930702217847,0.10149035708757595,0.16196418836696955,0.1318181818181818,0.11818181818181818,0.09863636363636363,0.15272727272727274,0.1572727272727273
M5,-4,normalized_prediction_entropy,5,0.9874343078804163,0.010386274089022433,0.9745380452686006,1.000330570492232,0.9890895341948803,0.9949401692901078,0.9994943818312858,0.9758732553083479,0.9777741987774592
M5,-4,gini,5,0.09909090909090909,0.04890708410329374,0.03836474350272563,0.15981707467909256,0.10355371900826445,0.07644628099173555,0.02801652892561983,0.14380165289256197,0.14363636363636365
M5,-4,hhi,5,0.0958290082644628,0.0039605579481910794,0.09091132604739417,0.10074669048153144,0.09527933884297521,0.09302066115702479,0.0911293388429752,0.09990826446280993,0.09980743801652894
M5,-4,dominant_predicted_class_ratio,5,0.13172727272727275,0.024351930702217847,0.10149035708757595,0.16196418836696955,0.1318181818181818,0.11818181818181818,0.09863636363636363,0.15272727272727274,0.1572727272727273
M5,-2,accuracy,5,0.8677272727272726,0.003015113445777639,0.8639835149111503,0.8714710305433948,0.87,0.8704545454545455,0.8690909090909091,0.8654545454545455,0.8636363636363636
M5,-2,macro_f1,5,0.8601620549391216,0.006393085942741447,0.8522239902865969,0.8681001195916462,0.8584506489641123,0.8659145520781962,0.8677405278011414,0.853228513000597,0.8554760328515613
M5,-2,balanced_accuracy,5,0.8677272727272728,0.0030151134457776724,0.8639835149111506,0.871471030543395,0.87,0.8704545454545456,0.869090909090909,0.8654545454545454,0.8636363636363636
M5,-2,prediction_concentration,5,0.12772727272727274,0.01753685611260039,0.10595238985057723,0.14950215560396826,0.13545454545454547,0.11863636363636364,0.10136363636363636,0.13954545454545456,0.14363636363636365
M5,-2,normalized_prediction_entropy,5,0.990435948976318,0.006083146244202056,0.9828827252890839,0.9979891726635521,0.9862601320956997,0.9944052148456546,0.9991241401910925,0.9848965954910531,0.9874936622580901
M5,-2,gini,5,0.09135537190082645,0.03408951161673638,0.04902765260997589,0.133683091191677,0.10768595041322314,0.08388429752066116,0.034876033057851245,0.11619834710743802,0.11413223140495866
M5,-2,hhi,5,0.09474966942148762,0.002382450127222305,0.0917914668709997,0.09770787197197553,0.096201652892562,0.09324421487603306,0.09128595041322315,0.09677933884297521,0.09623719008264463
M5,-2,dominant_predicted_class_ratio,5,0.12772727272727274,0.01753685611260039,0.10595238985057723,0.14950215560396826,0.13545454545454547,0.11863636363636364,0.10136363636363636,0.13954545454545456,0.14363636363636365
M5,0,accuracy,5,0.9073636363636363,0.003437758254761636,0.9030950957041709,0.9116321770231016,0.9113636363636364,0.9059090909090909,0.9104545454545454,0.9059090909090909,0.9031818181818182
M5,0,macro_f1,5,0.902333703271316,0.004797480649313838,0.8963768442669838,0.9082905622756482,0.9054949040374273,0.9025775515328788,0.9083682703912112,0.8968922813005655,0.8983355090944972
M5,0,balanced_accuracy,5,0.9073636363636363,0.0034377582547615903,0.903095095704171,0.9116321770231015,0.9113636363636363,0.9059090909090909,0.9104545454545453,0.9059090909090908,0.9031818181818182
M5,0,prediction_concentration,5,0.13363636363636364,0.010350270487941548,0.1207848053998157,0.14648792187291157,0.13,0.13090909090909092,0.11954545454545455,0.14363636363636365,0.1440909090909091
M5,0,normalized_prediction_entropy,5,0.9907595844122905,0.004234635366140687,0.9855015901326332,0.9960175786919478,0.9911442750690347,0.9929431362352051,0.9961538726974998,0.9850443399242644,0.9885122981354492
M5,0,gini,5,0.0899504132231405,0.02054534483990311,0.06443999820475133,0.11546082824152967,0.08735537190082647,0.08132231404958679,0.06140495867768596,0.10892561983471075,0.11074380165289256
M5,0,hhi,5,0.09477033057851239,0.001689933498844567,0.09267200099363856,0.09686866016338622,0.09451446280991735,0.09394752066115702,0.09256859504132231,0.09688636363636363,0.09593471074380165
M5,0,dominant_predicted_class_ratio,5,0.13363636363636364,0.010350270487941548,0.1207848053998157,0.14648792187291157,0.13,0.13090909090909092,0.11954545454545455,0.14363636363636365,0.1440909090909091
M5,2,accuracy,5,0.9203636363636363,0.002899843255952103,0.9167630053922866,0.9239642673349859,0.9163636363636364,0.9204545454545454,0.9240909090909091,0.9190909090909091,0.9218181818181819
M5,2,macro_f1,5,0.9132855792913963,0.004797588686899449,0.9073285861406836,0.919242572442109,0.9089748224120924,0.9122504795965227,0.9209198045426916,0.9097420552733478,0.9145407346323272
M5,2,balanced_accuracy,5,0.9203636363636363,0.002899843255952143,0.9167630053922865,0.923964267334986,0.9163636363636362,0.9204545454545453,0.924090909090909,0.9190909090909091,0.9218181818181819
M5,2,prediction_concentration,5,0.141,0.009872116170606503,0.1287421487648727,0.15325785123512728,0.13727272727272727,0.14363636363636365,0.12590909090909091,0.14681818181818182,0.15136363636363637
M5,2,normalized_prediction_entropy,5,0.986380870570866,0.004607715981469145,0.9806596355227276,0.9921021056190044,0.9877922766353819,0.9848280936494569,0.9937516343202939,0.9829405070958499,0.9825918411533467
M5,2,gini,5,0.10538842975206612,0.018842739595453167,0.08199207836886337,0.12878478113526887,0.10305785123966942,0.11173553719008265,0.07429752066115704,0.1143801652892562,0.1234710743801653
M5,2,hhi,5,0.0963912396694215,0.0018057633137854897,0.09414908837341693,0.09863339096542606,0.09580991735537189,0.09695123966942149,0.09353347107438018,0.0976305785123967,0.09803099173553718
M5,2,dominant_predicted_class_ratio,5,0.141,0.009872116170606503,0.1287421487648727,0.15325785123512728,0.13727272727272727,0.14363636363636365,0.12590909090909091,0.14681818181818182,0.15136363636363637
M5,4,accuracy,5,0.9154545454545454,0.0025308019831045423,0.9123121397455418,0.918596951163549,0.9172727272727272,0.9113636363636364,0.9177272727272727,0.915,0.9159090909090909
M5,4,macro_f1,5,0.9084970034821989,0.00487564092968094,0.9024430956716453,0.9145509112927525,0.9095571703837801,0.9020795939035636,0.9156316185901697,0.9072222219264586,0.9079944126070223
M5,4,balanced_accuracy,5,0.9154545454545454,0.0025308019831046065,0.9123121397455417,0.9185969511635491,0.9172727272727272,0.9113636363636363,0.9177272727272728,0.9150000000000001,0.9159090909090909
M5,4,prediction_concentration,5,0.1440909090909091,0.012427475558629383,0.1286601601012018,0.1595216580806164,0.14636363636363636,0.15136363636363637,0.12227272727272727,0.1481818181818182,0.15227272727272728
M5,4,normalized_prediction_entropy,5,0.984710337729447,0.005893994548361715,0.9773919768931371,0.992028698565757,0.9835106208310288,0.9803048582782584,0.9949677762749927,0.9834021539755197,0.9813662792874353
M5,4,gini,5,0.11289256198347108,0.023192974731743997,0.08409468024781495,0.1416904437191272,0.11669421487603306,0.1315702479338843,0.07322314049586777,0.11570247933884299,0.12727272727272732
M5,4,hhi,5,0.09704512396694216,0.0022906641998788817,0.09420088869797832,0.099889359235906,0.09746900826446282,0.0986805785123967,0.09305495867768597,0.09759297520661157,0.09842809917355372
M5,4,dominant_predicted_class_ratio,5,0.1440909090909091,0.012427475558629383,0.1286601601012018,0.1595216580806164,0.14636363636363636,0.15136363636363637,0.12227272727272727,0.1481818181818182,0.15227272727272728
M5,6,accuracy,5,0.9183636363636364,0.0017188791273807893,0.9162293660339037,0.9204979066933691,0.9168181818181819,0.9204545454545454,0.9190909090909091,0.9163636363636364,0.9190909090909091
M5,6,macro_f1,5,0.9116943962395141,0.0026518176690696815,0.9084017297100296,0.9149870627689985,0.9100958894402116,0.9136317310429221,0.9147897774851448,0.9081965928710681,0.9117579903582231
M5,6,balanced_accuracy,5,0.9183636363636362,0.0017188791273808452,0.9162293660339035,0.9204979066933688,0.9168181818181818,0.9204545454545453,0.9190909090909091,0.9163636363636362,0.9190909090909091
M5,6,prediction_concentration,5,0.14627272727272725,0.006177471734034359,0.13860238302065542,0.15394307152479908,0.14545454545454545,0.14863636363636365,0.1359090909090909,0.15045454545454545,0.1509090909090909
M5,6,normalized_prediction_entropy,5,0.9843144832863802,0.003485894176841156,0.9799861739854483,0.988642792587312,0.9848557174751735,0.9831628921668749,0.9901067942428364,0.9817925943193198,0.9816544182276957
M5,6,gini,5,0.1151404958677686,0.013301087410540851,0.0986250144931387,0.1316559772423985,0.11173553719008264,0.12256198347107441,0.09322314049586776,0.12363636363636363,0.12454545454545453
M5,6,hhi,5,0.09725338842975206,0.001330935652239549,0.09560081354644037,0.09890596331306375,0.09703719008264464,0.09773719008264464,0.09503842975206611,0.0981909090909091,0.09826322314049588
M5,6,dominant_predicted_class_ratio,5,0.14627272727272725,0.006177471734034359,0.13860238302065542,0.15394307152479908,0.14545454545454545,0.14863636363636365,0.1359090909090909,0.15045454545454545,0.1509090909090909
M5,8,accuracy,5,0.9138181818181819,0.00399638266187878,0.9088560173438812,0.9187803462924825,0.9140909090909091,0.9118181818181819,0.9181818181818182,0.9081818181818182,0.9168181818181819
M5,8,macro_f1,5,0.9060258616250338,0.004621042608876641,0.9002880793834261,0.9117636438666415,0.9064069479290844,0.9044311568155451,0.9112647572592034,0.8991562500566045,0.908870196064732
M5,8,balanced_accuracy,5,0.9138181818181816,0.003996382661878802,0.908856017343881,0.9187803462924823,0.9140909090909091,0.9118181818181817,0.9181818181818181,0.9081818181818181,0.9168181818181819
M5,8,prediction_concentration,5,0.15072727272727274,0.0019968984214989768,0.14824779584922754,0.15320674960531794,0.15,0.15,0.1481818181818182,0.15318181818181817,0.15227272727272728
M5,8,normalized_prediction_entropy,5,0.9817545022631184,0.0014061913250040816,0.9800084851202744,0.9835005194059625,0.982435814502815,0.9823077000498892,0.9834145895722708,0.9799957190297829,0.9806186881608343
M5,8,gini,5,0.12206611570247934,0.00620880660198114,0.1143568640729895,0.12977536733196918,0.11793388429752066,0.12165289256198349,0.11438016528925621,0.12694214876033058,0.1294214876033058
M5,8,hhi,5,0.09821016528925619,0.0005137864052176452,0.09757221520713091,0.09884811537138147,0.09796652892561983,0.09802148760330577,0.09758760330578511,0.09882975206611572,0.09864545454545454
M5,8,dominant_predicted_class_ratio,5,0.15072727272727274,0.0019968984214989768,0.14824779584922754,0.15320674960531794,0.15,0.15,0.1481818181818182,0.15318181818181817,0.15227272727272728
M5,10,accuracy,5,0.9243636363636364,0.005888074514440471,0.9170526262203146,0.9316746465069582,0.9286363636363636,0.9181818181818182,0.9313636363636364,0.9186363636363636,0.925
M5,10,macro_f1,5,0.9189602116671806,0.006444787579405252,0.9109579509537623,0.9269624723805988,0.92323879252881,0.9137507606748262,0.9269893080214783,0.9114717002563975,0.9193504968543903
M5,10,balanced_accuracy,5,0.9243636363636364,0.005888074514440507,0.9170526262203145,0.9316746465069583,0.9286363636363636,0.9181818181818181,0.9313636363636365,0.9186363636363637,0.925
M5,10,prediction_concentration,5,0.14345454545454545,0.004472135954999578,0.13790165524414985,0.14900743566494104,0.1431818181818182,0.13818181818181818,0.14045454545454544,0.14954545454545454,0.1459090909090909
M5,10,normalized_prediction_entropy,5,0.9859927567152476,0.0022729852271228105,0.9831704727902801,0.988815040640215,0.9861008585652239,0.9883657447816827,0.9878690414654161,0.9828117501859753,0.9848163885779391
M5,10,gini,5,0.10709090909090908,0.007159476991008664,0.0982012442652054,0.11598057391661276,0.10280991735537191,0.10735537190082646,0.09743801652892561,0.11404958677685949,0.113801652892562
M5,10,hhi,5,0.09661851239669421,0.0008631184140231971,0.09554680933581487,0.09769021545757355,0.09654710743801653,0.09573181818181818,0.0959004132231405,0.09782272727272728,0.09709049586776859
M5,10,dominant_predicted_class_ratio,5,0.14345454545454545,0.004472135954999578,0.13790165524414985,0.14900743566494104,0.1431818181818182,0.13818181818181818,0.14045454545454544,0.14954545454545454,0.1459090909090909
M5,12,accuracy,5,0.9235454545454544,0.008025012551160346,0.9135810853755453,0.9335098237153636,0.9263636363636364,0.9113636363636364,0.9331818181818182,0.9254545454545454,0.9213636363636364
M5,12,macro_f1,5,0.9183788588134215,0.007822673001500278,0.9086657273777381,0.9280919902491049,0.9207499422816897,0.9072346783982524,0.9287685125372569,0.9192603326562796,0.9158808281936285
M5,12,balanced_accuracy,5,0.9235454545454544,0.008025012551160319,0.9135810853755454,0.9335098237153635,0.9263636363636363,0.9113636363636364,0.9331818181818181,0.9254545454545454,0.9213636363636362
M5,12,prediction_concentration,5,0.14100000000000001,0.0062108276554167265,0.13328823890122077,0.14871176109877926,0.14363636363636365,0.13090909090909092,0.13954545454545456,0.14681818181818182,0.1440909090909091
M5,12,normalized_prediction_entropy,5,0.9871957148289277,0.0029263615703662687,0.9835621570212768,0.9908292726365785,0.9856955404211926,0.9918042847572583,0.9882210580519359,0.984364090137114,0.9858936007771368
M5,12,gini,5,0.1009917355371901,0.00940425421115073,0.0893148116532481,0.11266865942113209,0.10950413223140497,0.0875206611570248,0.09487603305785125,0.10727272727272728,0.10578512396694216
M5,12,hhi,5,0.09613520661157024,0.0011393305895729263,0.09472054083644527,0.09754987238669521,0.09670826446280992,0.09433305785123966,0.09574917355371902,0.09722809917355371,0.09665743801652893
M5,12,dominant_predicted_class_ratio,5,0.14100000000000001,0.0062108276554167265,0.13328823890122077,0.14871176109877926,0.14363636363636365,0.13090909090909092,0.13954545454545456,0.14681818181818182,0.1440909090909091
M5,14,accuracy,5,0.9161818181818182,0.0032237496775449183,0.9121790042679897,0.9201846320956467,0.9163636363636364,0.9131818181818182,0.9172727272727272,0.9131818181818182,0.9209090909090909
M5,14,macro_f1,5,0.91092317195833,0.0034112689095384292,0.9066875221651642,0.9151588217514957,0.90955823919439,0.9106011578846243,0.9117788870470178,0.906674960737185,0.9160026149284324
M5,14,balanced_accuracy,5,0.9161818181818182,0.0032237496775449556,0.9121790042679896,0.9201846320956468,0.9163636363636362,0.9131818181818182,0.9172727272727272,0.9131818181818182,0.920909090909091
M5,14,prediction_concentration,5,0.14154545454545453,0.0091903650589819,0.1301341091213669,0.15295679996954217,0.14727272727272728,0.12545454545454546,0.145,0.14727272727272728,0.14272727272727273
M5,14,normalized_prediction_entropy,5,0.9866443491154525,0.004125080926526531,0.9815223846393075,0.9917663135915975,0.9835920903245352,0.9937220485662858,0.9854088009981319,0.9839772534801481,0.9865215522081618
M5,14,gini,5,0.1059504132231405,0.013423456884392193,0.08928299007835025,0.12261783636793075,0.11421487603305785,0.08206611570247933,0.11090909090909089,0.11181818181818182,0.11074380165289256
M5,14,hhi,5,0.09634975206611571,0.001610595318582669,0.09434993384335609,0.09834957028887532,0.09748760330578513,0.09356694214876034,0.09686528925619835,0.0973801652892562,0.0964487603305785
M5,14,dominant_predicted_class_ratio,5,0.14154545454545453,0.0091903650589819,0.1301341091213669,0.15295679996954217,0.14727272727272728,0.12545454545454546,0.145,0.14727272727272728,0.14272727272727273
M5,16,accuracy,5,0.925818181818182,0.001885131032120722,0.923477482483701,0.928158881152663,0.9245454545454546,0.9272727272727272,0.9281818181818182,0.9236363636363636,0.9254545454545454
M5,16,macro_f1,5,0.9215496103176377,0.002593014826304599,0.9183299571610067,0.9247692634742687,0.9194884867986318,0.9234795563230346,0.9246662174833087,0.9185154113877999,0.9215983795954138
M5,16,balanced_accuracy,5,0.9258181818181818,0.0018851310321206553,0.9234774824837009,0.9281588811526627,0.9245454545454546,0.9272727272727272,0.9281818181818181,0.9236363636363637,0.9254545454545454
M5,16,prediction_concentration,5,0.1386363636363636,0.002426608693643485,0.13562333098373824,0.14164939628898898,0.13954545454545456,0.13727272727272727,0.1359090909090909,0.14227272727272727,0.13818181818181818
M5,16,normalized_prediction_entropy,5,0.9886202043575875,0.0012642932997952128,0.9870503768840615,0.9901900318311134,0.9878374103788561,0.9892362083715635,0.9901662312738956,0.9869156532921673,0.9889455184714553
M5,16,gini,5,0.09753719008264462,0.00383447918936117,0.0927760553213533,0.10229832484393594,0.10008264462809918,0.09851239669421487,0.09123966942148759,0.10090909090909089,0.09694214876033058
M5,16,hhi,5,0.09560272727272728,0.0004823233356891083,0.09500384375130858,0.09620161079414599,0.09587520661157026,0.09537479338842976,0.09501239669421488,0.09626735537190084,0.09548388429752065
M5,16,dominant_predicted_class_ratio,5,0.1386363636363636,0.002426608693643485,0.13562333098373824,0.14164939628898898,0.13954545454545456,0.13727272727272727,0.1359090909090909,0.14227272727272727,0.13818181818181818
M5,18,accuracy,5,0.9157272727272726,0.008071222218423518,0.9057055266771538,0.9257490187773915,0.9190909090909091,0.9013636363636364,0.9204545454545454,0.9195454545454546,0.9181818181818182
M5,18,macro_f1,5,0.9113242342195352,0.0058870961023760925,0.9040144389352491,0.9186340295038213,0.9140042613682954,0.9008983162801805,0.9152363366798629,0.913022291073582,0.9134599656957557
M5,18,balanced_accuracy,5,0.9157272727272726,0.008071222218423544,0.9057055266771538,0.9257490187773915,0.9190909090909091,0.9013636363636363,0.9204545454545454,0.9195454545454544,0.9181818181818181
M5,18,prediction_concentration,5,0.136,0.01852628242513505,0.1129965820921547,0.15900341790784533,0.14227272727272727,0.10318181818181818,0.14272727272727273,0.14863636363636365,0.1431818181818182
M5,18,normalized_prediction_entropy,5,0.9881989629712405,0.006209861205463286,0.9804884018785746,0.9959095240639065,0.9862101326440007,0.9990931346118391,0.9864148414687417,0.983398976685099,0.9858777294465225
M5,18,gini,5,0.09722314049586778,0.035037258067751584,0.053718638557366256,0.1407276424343693,0.11206611570247936,0.03471074380165287,0.11,0.11239669421487605,0.1169421487603306
M5,18,hhi,5,0.09572553719008263,0.002514304347261711,0.09260361600156054,0.09884745837860472,0.09653140495867768,0.09130247933884296,0.09647107438016528,0.09760578512396695,0.09671694214876032
M5,18,dominant_predicted_class_ratio,5,0.136,0.01852628242513505,0.1129965820921547,0.15900341790784533,0.14227272727272727,0.10318181818181818,0.14272727272727273,0.14863636363636365,0.1431818181818182
M6,-20,accuracy,5,0.09781818181818182,0.00715385811645809,0.08893549374671801,0.10670086988964562,0.10227272727272728,0.09227272727272727,0.10818181818181818,0.09181818181818181,0.09454545454545454
M6,-20,macro_f1,5,0.07200570086593028,0.006917943601284107,0.0634159393546117,0.08059546237724885,0.07200445442370583,0.06763232908990126,0.08154315271714117,0.07525587813092885,0.06359268996797432
M6,-20,balanced_accuracy,5,0.09781818181818183,0.007153858116458087,0.08893549374671804,0.10670086988964562,0.10227272727272725,0.09227272727272727,0.1081818181818182,0.09181818181818181,0.09454545454545457
M6,-20,prediction_concentration,5,0.3388181818181818,0.07097942316190442,0.2506855874647747,0.4269507761715889,0.2963636363636364,0.305,0.39590909090909093,0.26545454545454544,0.43136363636363634
M6,-20,normalized_prediction_entropy,5,0.7756929075113522,0.06301482959981677,0.6974496622443148,0.8539361527783896,0.7704612451142392,0.7210448527189803,0.7768229685816761,0.8797090670464158,0.7304264040954502
M6,-20,gini,5,0.5417685950413224,0.073941465671197,0.44995813914297755,0.6335790509396672,0.55099173553719,0.6061157024793389,0.5422314049586777,0.41842975206611577,0.5910743801652892
M6,-20,hhi,5,0.20211338842975204,0.03661107292467664,0.1566547372435685,0.2475720396159356,0.1853227272727273,0.2164107438016529,0.21663636363636368,0.14818264462809916,0.24401446280991734
M6,-20,dominant_predicted_class_ratio,5,0.3388181818181818,0.07097942316190442,0.2506855874647747,0.4269507761715889,0.2963636363636364,0.305,0.39590909090909093,0.26545454545454544,0.43136363636363634
M6,-18,accuracy,5,0.12,0.009711754826918856,0.10794126367203322,0.13205873632796677,0.11681818181818182,0.11045454545454546,0.13636363636363635,0.1190909090909091,0.11727272727272728
M6,-18,macro_f1,5,0.08926889930451401,0.010944340255961306,0.07567970602459469,0.10285809258443333,0.08765471646208765,0.0755259555557297,0.10198178441527914,0.09841811372882604,0.08276392636064757
M6,-18,balanced_accuracy,5,0.12,0.009711754826918858,0.10794126367203322,0.13205873632796677,0.11681818181818181,0.11045454545454546,0.13636363636363635,0.11909090909090908,0.11727272727272728
M6,-18,prediction_concentration,5,0.2980909090909091,0.04759982984899097,0.23898791404679207,0.35719390413502605,0.3,0.34863636363636363,0.23,0.27636363636363637,0.33545454545454545
M6,-18,normalized_prediction_entropy,5,0.7977282579953527,0.05032982727537581,0.7352355234317047,0.8602209925590008,0.795826783222013,0.7337556696762612,0.8030870653297139,0.8736832243414141,0.782288547407362
M6,-18,gini,5,0.5179173553719009,0.061190670887600294,0.4419391023048324,0.5938956084389693,0.5242975206611571,0.5980165289256199,0.5097520661157025,0.4268595041322314,0.5306611570247934
M6,-18,hhi,5,0.18273545454545453,0.0271326205695036,0.149045856407379,0.21642505268353007,0.1776206611570248,0.225099173553719,0.1693719008264463,0.1526264462809917,0.18895909090909088
M6,-18,dominant_predicted_class_ratio,5,0.2980909090909091,0.04759982984899097,0.23898791404679207,0.35719390413502605,0.3,0.34863636363636363,0.23,0.27636363636363637,0.33545454545454545
M6,-16,accuracy,5,0.16036363636363637,0.007478619663154144,0.1510777035716391,0.16964956915563364,0.14954545454545454,0.15863636363636363,0.1590909090909091,0.16545454545454547,0.1690909090909091
M6,-16,macro_f1,5,0.13095427106359828,0.0072458784783627035,0.12195732462165583,0.1399512175055407,0.12397349636920842,0.13211173511322358,0.13134505360505044,0.14218614400544685,0.12515492622506208
M6,-16,balanced_accuracy,5,0.16036363636363635,0.007478619663154147,0.15107770357163908,0.16964956915563362,0.14954545454545454,0.15863636363636363,0.15909090909090912,0.16545454545454544,0.16909090909090913
M6,-16,prediction_concentration,5,0.2543636363636364,0.05771886123399144,0.18269620435207035,0.32603106837520246,0.2690909090909091,0.33545454545454545,0.27045454545454545,0.2009090909090909,0.19590909090909092
M6,-16,normalized_prediction_entropy,5,0.839110122629456,0.05247025964895823,0.7739596902469408,0.9042605550119711,0.815178481180351,0.8332327037120165,0.8095997155047597,0.9311196011000921,0.8064201116500602
M6,-16,gini,5,0.4541652892561984,0.08173316812116235,0.35268015694101557,0.5556504215713813,0.49966942148760335,0.4784297520661157,0.5156198347107438,0.31214876033057853,0.46495867768595045
M6,-16,hhi,5,0.16100561983471076,0.024751600732735028,0.13027244830695978,0.19173879136246175,0.16651363636363636,0.17991570247933883,0.18226363636363632,0.1213214876033058,0.15501363636363638
M6,-16,dominant_predicted_class_ratio,5,0.2543636363636364,0.05771886123399144,0.18269620435207035,0.32603106837520246,0.2690909090909091,0.33545454545454545,0.27045454545454545,0.2009090909090909,0.19590909090909092
M6,-14,accuracy,5,0.21727272727272728,0.004430361065822254,0.21177170743825213,0.22277374710720244,0.21409090909090908,0.2190909090909091,0.2131818181818182,0.2240909090909091,0.2159090909090909
M6,-14,macro_f1,5,0.19216289041540469,0.01323588031397525,0.17572837434500768,0.2085974064858017,0.18494847541694748,0.19838464453571528,0.19979996085961274,0.20511331861584292,0.172568052648905
M6,-14,balanced_accuracy,5,0.21727272727272728,0.004430361065822263,0.21177170743825213,0.22277374710720244,0.21409090909090908,0.21909090909090911,0.21318181818181817,0.2240909090909091,0.2159090909090909
M6,-14,prediction_concentration,5,0.21927272727272729,0.03458371087450334,0.17633137855556846,0.2622140759898861,0.26272727272727275,0.21363636363636362,0.2318181818181818,0.16727272727272727,0.22090909090909092
M6,-14,normalized_prediction_entropy,5,0.8869669716597055,0.06112787931683548,0.8110666846254464,0.9628672586939646,0.8445969407621126,0.9087114605955617,0.9129127302400567,0.9617377792077143,0.8068759474930823
M6,-14,gini,5,0.37317355371900823,0.09459446874334823,0.2557190074511815,0.490628099986835,0.45049586776859507,0.34537190082644625,0.3534710743801653,0.23950413223140493,0.4770247933884298
M6,-14,hhi,5,0.1355723966942149,0.02043759430007695,0.11019577164191488,0.1609490217465149,0.15251983471074382,0.12631404958677686,0.13354297520661157,0.10746694214876032,0.15801818181818184
M6,-14,dominant_predicted_class_ratio,5,0.21927272727272729,0.03458371087450334,0.17633137855556846,0.2622140759898861,0.26272727272727275,0.21363636363636362,0.2318181818181818,0.16727272727272727,0.22090909090909092
M6,-12,accuracy,5,0.29700000000000004,0.003255637196267273,0.29295759250218195,0.30104240749781813,0.2959090909090909,0.3009090909090909,0.2959090909090909,0.2927272727272727,0.29954545454545456
M6,-12,macro_f1,5,0.2747342472390256,0.013742536146461055,0.257670634861951,0.2917978596161002,0.26704165775040295,0.28791423369112673,0.2828058024240898,0.2814726968236776,0.2544368455058312
M6,-12,balanced_accuracy,5,0.29700000000000004,0.003255637196267273,0.29295759250218195,0.30104240749781813,0.2959090909090909,0.3009090909090909,0.2959090909090909,0.2927272727272727,0.29954545454545456
M6,-12,prediction_concentration,5,0.1737272727272727,0.032683683092574925,0.13314512010252136,0.21430942535202405,0.21045454545454545,0.16545454545454547,0.16636363636363635,0.12727272727272726,0.1990909090909091
M6,-12,normalized_prediction_entropy,5,0.9334809107082588,0.05328498549395155,0.8673188625756093,0.9996429588409083,0.8945691466349917,0.9526019534183969,0.9678609459880052,0.9901745659351866,0.8621979415647136
M6,-12,gini,5,0.26586776859504135,0.11652762146858286,0.12117961622118598,0.4105559209688967,0.3633884297520662,0.22099173553719006,0.21595041322314046,0.12256198347107437,0.4064462809917355
M6,-12,hhi,5,0.11482528925619837,0.017873973016542224,0.09263182045669235,0.13701875805570438,0.12925578512396696,0.1072818181818182,0.10469090909090908,0.09517933884297523,0.13771859504132233
M6,-12,dominant_predicted_class_ratio,5,0.1737272727272727,0.032683683092574925,0.13314512010252136,0.21430942535202405,0.21045454545454545,0.16545454545454547,0.16636363636363635,0.12727272727272726,0.1990909090909091
M6,-10,accuracy,5,0.404909090909091,0.006252272314199781,0.39714586946958297,0.412672312348599,0.4040909090909091,0.4072727272727273,0.4040909090909091,0.39590909090909093,0.4131818181818182
M6,-10,macro_f1,5,0.38627850163715804,0.011129630423502767,0.37245924022698135,0.40009776304733474,0.38139705165663007,0.4022452808280235,0.3882059771022412,0.38778229272357795,0.37176190587531743
M6,-10,balanced_accuracy,5,0.4049090909090909,0.006252272314199757,0.3971458694695829,0.41267231234859886,0.4040909090909091,0.40727272727272723,0.4040909090909091,0.39590909090909093,0.41318181818181815
M6,-10,prediction_concentration,5,0.1620909090909091,0.021413385016181813,0.13550267983664022,0.18867913834517797,0.16590909090909092,0.1740909090909091,0.17681818181818182,0.12454545454545454,0.1690909090909091
M6,-10,normalized_prediction_entropy,5,0.9579983566999708,0.03288020200949996,0.9171721936111077,0.9988245197888339,0.951296489837725,0.974548021453426,0.9694722661293397,0.990038007221281,0.9046369988580828
M6,-10,gini,5,0.2190743801652893,0.08362177297353861,0.11524423519807789,0.3229045251325007,0.24900826446280994,0.18462809917355374,0.20330578512396694,0.11644628099173554,0.3419834710743802
M6,-10,hhi,5,0.10723884297520662,0.010691151744148973,0.09396402475516347,0.12051366119524978,0.11046694214876035,0.1026020661157025,0.10450743801652893,0.09500413223140497,0.12361363636363637
M6,-10,dominant_predicted_class_ratio,5,0.1620909090909091,0.021413385016181813,0.13550267983664022,0.18867913834517797,0.16590909090909092,0.1740909090909091,0.17681818181818182,0.12454545454545454,0.1690909090909091
M6,-8,accuracy,5,0.5288181818181819,0.011311699494529783,0.5147728517973245,0.5428635118390392,0.5304545454545454,0.5327272727272727,0.5213636363636364,0.515,0.5445454545454546
M6,-8,macro_f1,5,0.5082493497089386,0.009365350878780989,0.4966207306922103,0.5198779687256669,0.5052002169932178,0.5236559142374458,0.5087039604505496,0.5051523206731457,0.49853433619033416
M6,-8,balanced_accuracy,5,0.5288181818181819,0.01131169949452975,0.5147728517973246,0.5428635118390391,0.5304545454545454,0.5327272727272727,0.5213636363636364,0.5150000000000001,0.5445454545454546
M6,-8,prediction_concentration,5,0.15463636363636363,0.012528479952386698,0.13908020112726746,0.1701925261454598,0.16363636363636364,0.14681818181818182,0.1668181818181818,0.1368181818181818,0.1590909090909091
M6,-8,normalized_prediction_entropy,5,0.9659200317668439,0.026937378289416083,0.9324728589388803,0.9993672045948075,0.9580578134633658,0.9812241822931608,0.9789948655855897,0.9890160920231797,0.9223072054689233
M6,-8,gini,5,0.19618181818181818,0.07371663172984327,0.10465053049402652,0.28771310586960985,0.22702479338842974,0.1647107438016529,0.15148760330578512,0.12727272727272726,0.3104132231404959
M6,-8,hhi,5,0.10423752066115703,0.00893523395302939,0.09314296234615253,0.11533207897616153,0.10806404958677687,0.09894297520661156,0.10030289256198346,0.09583471074380165,0.11804297520661157
M6,-8,dominant_predicted_class_ratio,5,0.15463636363636363,0.012528479952386698,0.13908020112726746,0.1701925261454598,0.16363636363636364,0.14681818181818182,0.1668181818181818,0.1368181818181818,0.1590909090909091
M6,-6,accuracy,5,0.6707272727272727,0.00766418093611365,0.6612109351831807,0.6802436102713647,0.6622727272727272,0.6809090909090909,0.6718181818181819,0.6640909090909091,0.6745454545454546
M6,-6,macro_f1,5,0.6559323400780102,0.01473240340978286,0.6376396451570684,0.6742250349989519,0.6450486838741059,0.6732636311323494,0.6642547541648822,0.6601879227649289,0.636906708453784
M6,-6,balanced_accuracy,5,0.6707272727272727,0.007664180936113627,0.6612109351831809,0.6802436102713646,0.6622727272727272,0.6809090909090908,0.6718181818181819,0.6640909090909091,0.6745454545454547
M6,-6,prediction_concentration,5,0.1280909090909091,0.017693440910113253,0.10612160050847583,0.15006021767334235,0.14909090909090908,0.12181818181818181,0.12136363636363637,0.10545454545454545,0.14272727272727273
M6,-6,normalized_prediction_entropy,5,0.9809477825707804,0.01944762912528142,0.9568003616354995,1.0050952035060614,0.9746019070201827,0.990114504071672,0.9916397718051784,0.9985113691277616,0.9498713608291072
M6,-6,gini,5,0.13500826446280992,0.07376732378821778,0.043414034271139795,0.22660249465448004,0.17595041322314048,0.11289256198347107,0.09975206611570249,0.04776859504132231,0.23867768595041322
M6,-6,hhi,5,0.09800793388429753,0.006614468291762639,0.08979498673915551,0.10622088102943955,0.10091818181818181,0.09498553719008265,0.09442272727272727,0.09155867768595041,0.10815454545454545
M6,-6,dominant_predicted_class_ratio,5,0.1280909090909091,0.017693440910113253,0.10612160050847583,0.15006021767334235,0.14909090909090908,0.12181818181818181,0.12136363636363637,0.10545454545454545,0.14272727272727273
M6,-4,accuracy,5,0.7981818181818181,0.0070929484246941964,0.7893747594817592,0.806988876881877,0.7977272727272727,0.7872727272727272,0.8068181818181818,0.7981818181818182,0.8009090909090909
M6,-4,macro_f1,5,0.7859136411952411,0.007297449087743571,0.776852661384265,0.7949746210062172,0.7801746164676736,0.7779940731188582,0.7955340712171626,0.7908179466918471,0.7850474984806641
M6,-4,balanced_accuracy,5,0.7981818181818181,0.0070929484246941964,0.7893747594817592,0.806988876881877,0.7977272727272727,0.7872727272727272,0.8068181818181818,0.7981818181818181,0.8009090909090909
M6,-4,prediction_concentration,5,0.13990909090909093,0.014600039624082987,0.12178074733551866,0.1580374344826632,0.15818181818181817,0.1190909090909091,0.13954545454545456,0.135,0.14772727272727273
M6,-4,normalized_prediction_entropy,5,0.9830376613227216,0.006729363792337662,0.97468205257096,0.9913932700744833,0.9746533233709412,0.9880617939913888,0.9851840436640595,0.9899791870681438,0.9773099585190751
M6,-4,gini,5,0.12752066115702482,0.026461320620281448,0.09466459199789445,0.16037673031615518,0.13818181818181818,0.12206611570247934,0.1171900826446281,0.0944628099173554,0.16570247933884297
M6,-4,hhi,5,0.09759504132231404,0.002510490183002287,0.09447785604423613,0.10071222660039196,0.10048842975206611,0.09569380165289257,0.09671198347107439,0.09504669421487603,0.10003429752066115
M6,-4,dominant_predicted_class_ratio,5,0.13990909090909093,0.014600039624082987,0.12178074733551866,0.1580374344826632,0.15818181818181817,0.1190909090909091,0.13954545454545456,0.135,0.14772727272727273
M6,-2,accuracy,5,0.868,0.004148583348765303,0.8628488534122905,0.8731511465877095,0.8745454545454545,0.8636363636363636,0.865909090909091,0.8668181818181818,0.8690909090909091
M6,-2,macro_f1,5,0.8591966958262114,0.0032137425920554055,0.8552063073501621,0.8631870843022607,0.8614458704152522,0.8616017793790891,0.8541687588704879,0.8577836313914752,0.8609834390747527
M6,-2,balanced_accuracy,5,0.868,0.004148583348765303,0.8628488534122905,0.8731511465877095,0.8745454545454545,0.8636363636363636,0.865909090909091,0.8668181818181818,0.8690909090909091
M6,-2,prediction_concentration,5,0.13272727272727275,0.014753483970106802,0.11440840283351479,0.1510461426210307,0.14772727272727273,0.10818181818181818,0.13636363636363635,0.13818181818181818,0.13318181818181818
M6,-2,normalized_prediction_entropy,5,0.9884653558594794,0.006085305312370167,0.9809094513350313,0.9960212603839275,0.9807624123910837,0.9976022244137696,0.9865005278321368,0.9879231626745174,0.9895384519858896
M6,-2,gini,5,0.09795041322314049,0.02703296815728783,0.06438454989764744,0.13151627654863354,0.12710743801652893,0.053719008264462804,0.10793388429752064,0.0990909090909091,0.10190082644628098
M6,-2,hhi,5,0.0954673553719008,0.00231027475834658,0.09259877037850296,0.09833594036529865,0.09830537190082644,0.09191652892561983,0.09616487603305784,0.09579132231404958,0.0951586776859504
M6,-2,dominant_predicted_class_ratio,5,0.13272727272727275,0.014753483970106802,0.11440840283351479,0.1510461426210307,0.14772727272727273,0.10818181818181818,0.13636363636363635,0.13818181818181818,0.13318181818181818
M6,0,accuracy,5,0.9117272727272727,0.004910353373020521,0.9056302637255347,0.9178242817290108,0.9163636363636364,0.9177272727272727,0.9077272727272727,0.9090909090909091,0.9077272727272727
M6,0,macro_f1,5,0.9060010712946285,0.007328356291096953,0.8969017151219634,0.9151004274672936,0.9099342203122507,0.9169714900025223,0.8996464762603327,0.900707730001491,0.9027454398965461
M6,0,balanced_accuracy,5,0.9117272727272727,0.004910353373020555,0.9056302637255347,0.9178242817290108,0.9163636363636364,0.9177272727272728,0.9077272727272727,0.9090909090909091,0.9077272727272727
M6,0,prediction_concentration,5,0.13245454545454544,0.019869408356308748,0.10778341643290784,0.15712567447618303,0.14045454545454544,0.09772727272727273,0.14227272727272727,0.14681818181818182,0.135
M6,0,normalized_prediction_entropy,5,0.9895744258152982,0.0060619220531640565,0.982047555441967,0.9971012961886294,0.987605635287556,0.9996552032915996,0.9859801211720737,0.9842852684521142,0.9903459008731478
M6,0,gini,5,0.08727272727272727,0.036992911671935545,0.041339960660953086,0.13320549388450145,0.10264462809917353,0.022066115702479336,0.10776859504132232,0.11016528925619835,0.09371900826446282
M6,0,hhi,5,0.09516157024793388,0.002445845201439038,0.0921246523161276,0.09819848817974017,0.09599462809917354,0.0910599173553719,0.09655537190082646,0.09726322314049587,0.09493471074380165
M6,0,dominant_predicted_class_ratio,5,0.13245454545454544,0.019869408356308748,0.10778341643290784,0.15712567447618303,0.14045454545454544,0.09772727272727273,0.14227272727272727,0.14681818181818182,0.135
M6,2,accuracy,5,0.9171818181818182,0.002987577586391819,0.9134722506509549,0.9208913857126815,0.9177272727272727,0.9204545454545454,0.9177272727272727,0.9177272727272727,0.9122727272727272
M6,2,macro_f1,5,0.909509859059131,0.004118726185192758,0.904395785036518,0.914623933081744,0.907713243186101,0.9156386808765159,0.9108523000547997,0.9088129069723236,0.9045321642059146
M6,2,balanced_accuracy,5,0.9171818181818182,0.00298757758639187,0.9134722506509549,0.9208913857126815,0.9177272727272728,0.9204545454545454,0.9177272727272726,0.9177272727272728,0.9122727272727271
M6,2,prediction_concentration,5,0.13936363636363638,0.010064872224353474,0.12686644687613563,0.15186082585113714,0.14863636363636365,0.12363636363636364,0.13818181818181818,0.14772727272727273,0.13863636363636364
M6,2,normalized_prediction_entropy,5,0.9865017798082978,0.004677973592231008,0.9806933084142766,0.992310251202319,0.9816076555273954,0.9932018514887485,0.9879408445443498,0.982496588750439,0.9872619587305561
M6,2,gini,5,0.10454545454545457,0.017289031017922687,0.08307828716667179,0.12601262192423734,0.12264462809917358,0.0790909090909091,0.09851239669421488,0.118099173553719,0.10438016528925621
M6,2,hhi,5,0.09628206611570247,0.0017889736860163539,0.09406076189604208,0.09850337033536287,0.09811570247933885,0.09367809917355371,0.09578347107438016,0.09781239669421488,0.09602066115702479
M6,2,dominant_predicted_class_ratio,5,0.13936363636363638,0.010064872224353474,0.12686644687613563,0.15186082585113714,0.14863636363636365,0.12363636363636364,0.13818181818181818,0.14772727272727273,0.13863636363636364
M6,4,accuracy,5,0.9148181818181819,0.004437350858860274,0.9093084830093365,0.9203278806270272,0.9190909090909091,0.9113636363636364,0.9159090909090909,0.9186363636363636,0.9090909090909091
M6,4,macro_f1,5,0.9068019187174224,0.004132686248616188,0.901670510986644,0.9119333264482009,0.9106741375472985,0.9027159991405803,0.909192164191606,0.9094915835000279,0.9019357092075992
M6,4,balanced_accuracy,5,0.9148181818181819,0.0044373508588602985,0.9093084830093365,0.9203278806270272,0.9190909090909091,0.9113636363636364,0.9159090909090909,0.9186363636363637,0.9090909090909091
M6,4,prediction_concentration,5,0.14827272727272728,0.004739058734173946,0.1423884086571304,0.15415704588832416,0.15227272727272728,0.14727272727272728,0.14363636363636365,0.15409090909090908,0.1440909090909091
M6,4,normalized_prediction_entropy,5,0.9828491303982659,0.002674133962108875,0.9795287545311414,0.9861695062653905,0.9806889661107974,0.9828608869332547,0.9855806868739382,0.9797022023083394,0.985412909765
M6,4,gini,5,0.1190413223140496,0.005150756415007945,0.11264581351001715,0.12543683111808204,0.12380165289256201,0.12024793388429753,0.11272727272727275,0.12380165289256201,0.11462809917355372
M6,4,hhi,5,0.09776661157024795,0.0009907667616749546,0.09653641215165923,0.09899681098883667,0.09857892561983472,0.09770950413223141,0.09675826446280993,0.09894545454545454,0.09684090909090912
M6,4,dominant_predicted_class_ratio,5,0.14827272727272728,0.004739058734173946,0.1423884086571304,0.15415704588832416,0.15227272727272728,0.14727272727272728,0.14363636363636365,0.15409090909090908,0.1440909090909091
M6,6,accuracy,5,0.9208181818181819,0.002348729215047943,0.9179018493103275,0.9237345143260363,0.9240909090909091,0.9181818181818182,0.92,0.9222727272727272,0.9195454545454546
M6,6,macro_f1,5,0.9135655847062532,0.0025345048785902833,0.9104185812452358,0.9167125881672705,0.916479669669937,0.9097706748176845,0.9136665665815644,0.9150707086230617,0.9128403038390185
M6,6,balanced_accuracy,5,0.9208181818181818,0.0023487292150480687,0.9179018493103271,0.9237345143260364,0.9240909090909092,0.918181818181818,0.9199999999999999,0.9222727272727272,0.9195454545454544
M6,6,prediction_concentration,5,0.1479090909090909,0.0023966229684480155,0.14493329045190076,0.15088489136628105,0.14863636363636365,0.15,0.14454545454545453,0.15,0.14636363636363636
M6,6,normalized_prediction_entropy,5,0.9831458352111827,0.001615982447313943,0.9811393279846238,0.9851523424377416,0.9825596580271497,0.981354941329187,0.9856286958823514,0.9824910684705136,0.9836948123467121
M6,6,gini,5,0.1178512396694215,0.008256401026640534,0.10759956375990935,0.12810291557893363,0.1162809917355372,0.12661157024793387,0.10586776859504132,0.11586776859504133,0.12462809917355373
M6,6,hhi,5,0.09766942148760331,0.0005821515556223722,0.09694658485948869,0.09839225811571793,0.09784297520661157,0.09829752066115703,0.09675867768595041,0.09794256198347108,0.09750537190082646
M6,6,dominant_predicted_class_ratio,5,0.1479090909090909,0.0023966229684480155,0.14493329045190076,0.15088489136628105,0.14863636363636365,0.15,0.14454545454545453,0.15,0.14636363636363636
M6,8,accuracy,5,0.9151818181818182,0.0030929137884007233,0.9113414584812131,0.9190221778824234,0.9186363636363636,0.9163636363636364,0.9109090909090909,0.9168181818181819,0.9131818181818182
M6,8,macro_f1,5,0.908339782401127,0.0021239045138721174,0.9057026066306295,0.9109769581716245,0.9109532608654974,0.9092027135600947,0.9053327873397957,0.9089164835724323,0.9072936666678143
M6,8,balanced_accuracy,5,0.9151818181818182,0.003092913788400754,0.911341458481213,0.9190221778824235,0.9186363636363637,0.9163636363636362,0.9109090909090909,0.9168181818181818,0.913181818181818
M6,8,prediction_concentration,5,0.14663636363636362,0.004552267621292466,0.14098397682081606,0.15228875045191118,0.14954545454545454,0.14909090909090908,0.14045454545454544,0.1509090909090909,0.1431818181818182
M6,8,normalized_prediction_entropy,5,0.9841274108969632,0.0025498027775519624,0.980961412585557,0.9872934092083694,0.9823360380213538,0.9828043756261177,0.9877272890504566,0.9818884827131114,0.9858808690737759
M6,8,gini,5,0.11434710743801653,0.0063431030756756265,0.10647110471205454,0.12222311016397852,0.11818181818181817,0.11768595041322313,0.10314049586776859,0.11719008264462812,0.11553719008264464
M6,8,hhi,5,0.097318347107438,0.0009503712531157075,0.09613830533751642,0.09849838887735958,0.09796446280991734,0.09781404958677685,0.09596198347107437,0.09816280991735538,0.09668842975206611
M6,8,dominant_predicted_class_ratio,5,0.14663636363636362,0.004552267621292466,0.14098397682081606,0.15228875045191118,0.14954545454545454,0.14909090909090908,0.14045454545454544,0.1509090909090909,0.1431818181818182
M6,10,accuracy,5,0.9238181818181819,0.0022863229709017036,0.920979336896947,0.9266570267394167,0.9263636363636364,0.9236363636363636,0.9204545454545454,0.9254545454545454,0.9231818181818182
M6,10,macro_f1,5,0.9198545556441463,0.00257631343023827,0.9166556400097307,0.923053471278562,0.9210780714403694,0.923181367463002,0.9161649636796931,0.9193979772548069,0.9194503983828602
M6,10,balanced_accuracy,5,0.9238181818181819,0.0022863229709016784,0.920979336896947,0.9266570267394167,0.9263636363636363,0.9236363636363637,0.9204545454545454,0.9254545454545454,0.9231818181818181
M6,10,prediction_concentration,5,0.13345454545454544,0.016197387811027628,0.11334283214464796,0.1535662587644429,0.14363636363636365,0.10590909090909091,0.135,0.14681818181818182,0.1359090909090909
M6,10,normalized_prediction_entropy,5,0.9898980712613177,0.005544662576120637,0.9830134633583609,0.9967826791642744,0.9861431802592804,0.998778400842707,0.9903539705004105,0.984439991399238,0.9897748133049524
M6,10,gini,5,0.08856198347107438,0.029364067843115026,0.0521016775894656,0.12502228935268317,0.10471074380165289,0.038264462809917354,0.08834710743801653,0.1115702479338843,0.09991735537190083
M6,10,hhi,5,0.09506438016528926,0.0022407536296452832,0.0922821170545143,0.09784664327606421,0.09656322314049587,0.09143925619834711,0.09491570247933885,0.09722314049586776,0.0951805785123967
M6,10,dominant_predicted_class_ratio,5,0.13345454545454544,0.016197387811027628,0.11334283214464796,0.1535662587644429,0.14363636363636365,0.10590909090909091,0.135,0.14681818181818182,0.1359090909090909
M6,12,accuracy,5,0.9227272727272726,0.003936479108111091,0.9178394883390498,0.9276150571154954,0.9259090909090909,0.9159090909090909,0.9231818181818182,0.9245454545454546,0.9240909090909091
M6,12,macro_f1,5,0.9187192888835026,0.0020581477448759575,0.9161637609257058,0.9212748168412994,0.9208886783115008,0.9154085748682962,0.9192486458807313,0.918389135986401,0.9196614093705837
M6,12,balanced_accuracy,5,0.9227272727272726,0.003936479108111078,0.9178394883390498,0.9276150571154954,0.9259090909090909,0.9159090909090909,0.9231818181818181,0.9245454545454546,0.924090909090909
M6,12,prediction_concentration,5,0.13218181818181818,0.019472379251622242,0.10800366590570888,0.15635997045792746,0.14227272727272727,0.09818181818181818,0.1359090909090909,0.14681818181818182,0.13772727272727273
M6,12,normalized_prediction_entropy,5,0.989924093601461,0.005806315241631923,0.9827146010037049,0.9971335861992172,0.9867265301569099,0.9995261383295637,0.9901026327928644,0.984316384293447,0.9889487824345196
M6,12,gini,5,0.08509090909090909,0.03405964506818321,0.042800274018147615,0.12738154416367056,0.10314049586776862,0.025785123966942155,0.08851239669421486,0.10991735537190082,0.09809917355371901
M6,12,hhi,5,0.0950373553719008,0.0023523643731897565,0.09211650921905393,0.09795820152474768,0.09632644628099173,0.09111404958677685,0.09502438016528926,0.0972487603305785,0.09547314049586778
M6,12,dominant_predicted_class_ratio,5,0.13218181818181818,0.019472379251622242,0.10800366590570888,0.15635997045792746,0.14227272727272727,0.09818181818181818,0.1359090909090909,0.14681818181818182,0.13772727272727273
M6,14,accuracy,5,0.916,0.00625227231419976,0.908236778560492,0.9237632214395081,0.9222727272727272,0.9095454545454545,0.91,0.9222727272727272,0.9159090909090909
M6,14,macro_f1,5,0.9117033867646743,0.0048371296464279285,0.9056972970280607,0.917709476501288,0.9168618129818188,0.9090048616774564,0.9052104922590616,0.9158889497650307,0.9115508171400039
M6,14,balanced_accuracy,5,0.916,0.006252272314199816,0.908236778560492,0.9237632214395081,0.9222727272727274,0.9095454545454544,0.91,0.9222727272727272,0.9159090909090909
M6,14,prediction_concentration,5,0.1340909090909091,0.018832120441696906,0.11070774312861688,0.15747407505320132,0.145,0.10136363636363636,0.13772727272727273,0.1481818181818182,0.13818181818181818
M6,14,normalized_prediction_entropy,5,0.9891318433764804,0.0059669055963128504,0.9817229515168582,0.9965407352361026,0.9854602891083393,0.9990398875342541,0.9888817012692195,0.9836102857282908,0.9886670532422979
M6,14,gini,5,0.09254545454545454,0.031252861353873715,0.0537399017614958,0.1313510073294133,0.10909090909090907,0.03727272727272726,0.10049586776859504,0.11247933884297522,0.10338842975206614
M6,14,hhi,5,0.09536206611570246,0.0024126961951575483,0.09236630811157212,0.09835782411983279,0.09684338842975204,0.09132520661157024,0.09550371900826446,0.09753347107438017,0.09560454545454544
M6,14,dominant_predicted_class_ratio,5,0.1340909090909091,0.018832120441696906,0.11070774312861688,0.15747407505320132,0.145,0.10136363636363636,0.13772727272727273,0.1481818181818182,0.13818181818181818
M6,16,accuracy,5,0.9219999999999999,0.008032732622739892,0.912026045095147,0.9319739549048529,0.9254545454545454,0.9090909090909091,0.9195454545454546,0.9290909090909091,0.9268181818181818
M6,16,macro_f1,5,0.9188675086258474,0.006474581105842316,0.9108282543632727,0.9269067628884221,0.9210787590323884,0.9087869832857263,0.9163231734508558,0.9245636516318093,0.9235849757284567
M6,16,balanced_accuracy,5,0.9219999999999999,0.008032732622739859,0.912026045095147,0.9319739549048529,0.9254545454545454,0.9090909090909091,0.9195454545454544,0.929090909090909,0.9268181818181817
M6,16,prediction_concentration,5,0.1281818181818182,0.01782896241586835,0.10604423742470646,0.15031939893892993,0.13863636363636364,0.09727272727272727,0.13,0.14136363636363636,0.13363636363636364
M6,16,normalized_prediction_entropy,5,0.9918220807015038,0.004716272687320043,0.9859660546999468,0.9976781067030608,0.9887724244713617,0.9995953735056416,0.9922928709919916,0.9875611741814471,0.990888560357077
M6,16,gini,5,0.07866115702479339,0.030870860699011834,0.040329920701266904,0.11699239334831987,0.09537190082644628,0.024462809917355378,0.08264462809917357,0.0984297520661157,0.09239669421487601
M6,16,hhi,5,0.09430388429752067,0.001943015008152085,0.09189131251392862,0.0967164560811127,0.09554958677685951,0.09108512396694216,0.09413305785123967,0.09603223140495869,0.09471942148760332
M6,16,dominant_predicted_class_ratio,5,0.1281818181818182,0.01782896241586835,0.10604423742470646,0.15031939893892993,0.13863636363636364,0.09727272727272727,0.13,0.14136363636363636,0.13363636363636364
M6,18,accuracy,5,0.9180909090909092,0.00688152395191839,0.9095463685470352,0.9266354496347832,0.9181818181818182,0.9072727272727272,0.9172727272727272,0.9222727272727272,0.9254545454545454
M6,18,macro_f1,5,0.9137072431737405,0.005672156719199536,0.9066643303833409,0.9207501559641401,0.9114119392097281,0.9063515932929254,0.9127649388563839,0.916521640873551,0.9214861036361146
M6,18,balanced_accuracy,5,0.918090909090909,0.006881523951918312,0.9095463685470351,0.9266354496347828,0.9181818181818181,0.9072727272727273,0.9172727272727272,0.922272727272727,0.9254545454545454
M6,18,prediction_concentration,5,0.1356363636363636,0.014905348754309752,0.11712892870746587,0.15414379856526136,0.14636363636363636,0.11,0.13818181818181818,0.1459090909090909,0.13772727272727273
M6,18,normalized_prediction_entropy,5,0.9890757208975216,0.005541834064482122,0.9821946250556349,0.9959568167394083,0.98405304138489,0.9981167245697137,0.9890297654959963,0.9850909528159809,0.9890881202210273
M6,18,gini,5,0.0903305785123967,0.025501191562791552,0.05866666703758085,0.12199448998721256,0.10991735537190082,0.04611570247933885,0.09314049586776858,0.10413223140495868,0.09834710743801653
M6,18,hhi,5,0.09537338842975207,0.00221267341832703,0.09262599150643294,0.0981207853530712,0.09729380165289256,0.09172231404958678,0.09544710743801653,0.09697231404958678,0.09543140495867769
M6,18,dominant_predicted_class_ratio,5,0.1356363636363636,0.014905348754309752,0.11712892870746587,0.15414379856526136,0.14636363636363636,0.11,0.13818181818181818,0.1459090909090909,0.13772727272727273
M7,-20,accuracy,5,0.09845454545454545,0.0054507562596077305,0.09168653764400672,0.10522255326508417,0.10681818181818181,0.09636363636363636,0.09454545454545454,0.09363636363636364,0.1009090909090909
M7,-20,macro_f1,5,0.09185602023805436,0.0016660256756143342,0.08978737613656095,0.09392466433954778,0.09319242854652328,0.0932679707510021,0.09095903043243564,0.09248027128713102,0.08938040017317982
M7,-20,balanced_accuracy,5,0.09845454545454546,0.005450756259607742,0.09168653764400672,0.1052225532650842,0.10681818181818184,0.09636363636363637,0.09454545454545454,0.09363636363636364,0.10090909090909092
M7,-20,prediction_concentration,5,0.19254545454545455,0.0500470852677921,0.13040379055340312,0.254687118537506,0.25636363636363635,0.17636363636363636,0.15363636363636363,0.14272727272727273,0.23363636363636364
M7,-20,normalized_prediction_entropy,5,0.9405597329832514,0.03952414275912885,0.8914840278593751,0.9896354381071276,0.8942786168519947,0.9599672216853248,0.9770171627243578,0.9700823353104767,0.9014533283441029
M7,-20,gini,5,0.2809917355371901,0.0939134114152937,0.1643828336343215,0.3976006374400587,0.38909090909090904,0.2409090909090909,0.18818181818181817,0.21256198347107436,0.37421487603305786
M7,-20,hhi,5,0.1174025619834711,0.018249479874099396,0.09474283983785772,0.14006228412908447,0.14015454545454545,0.1083487603305785,0.10106157024793389,0.10352479338842976,0.1339231404958678
M7,-20,dominant_predicted_class_ratio,5,0.19254545454545455,0.0500470852677921,0.13040379055340312,0.254687118537506,0.25636363636363635,0.17636363636363636,0.15363636363636363,0.14272727272727273,0.23363636363636364
M7,-18,accuracy,5,0.11436363636363636,0.007486903165412549,0.10506741824510579,0.12365985448216693,0.12454545454545454,0.105,0.11090909090909092,0.11863636363636364,0.11272727272727273
M7,-18,macro_f1,5,0.10186755732522457,0.006939362404356098,0.09325120085724689,0.11048391379320224,0.10686093342411943,0.09279899871561671,0.11035835195507383,0.09831735908088933,0.10100214345042356
M7,-18,balanced_accuracy,5,0.11436363636363636,0.007486903165412543,0.1050674182451058,0.12365985448216692,0.12454545454545456,0.10500000000000002,0.1109090909090909,0.11863636363636361,0.11272727272727275
M7,-18,prediction_concentration,5,0.20345454545454542,0.05522549566912756,0.13488303569923182,0.272026055209859,0.2827272727272727,0.17681818181818182,0.14545454545454545,0.23636363636363636,0.1759090909090909
M7,-18,normalized_prediction_entropy,5,0.9155830901322599,0.046545084673567105,0.8577897341997458,0.973376446064774,0.8820022100324041,0.9405142907616699,0.9821332136914858,0.8664910000341599,0.9067747361415791
M7,-18,gini,5,0.3347603305785124,0.11036548183480985,0.1977234851398175,0.4717971760172073,0.41272727272727266,0.29636363636363633,0.16330578512396693,0.4399173553719009,0.3614876033057851
M7,-18,hhi,5,0.12876851239669423,0.021782976878872283,0.10172137423249353,0.15581565056089494,0.1511880165289256,0.11719504132231406,0.09907024793388429,0.14823760330578512,0.128151652892562
M7,-18,dominant_predicted_class_ratio,5,0.20345454545454542,0.05522549566912756,0.13488303569923182,0.272026055209859,0.2827272727272727,0.17681818181818182,0.14545454545454545,0.23636363636363636,0.1759090909090909
M7,-16,accuracy,5,0.15009090909090908,0.006277007762165104,0.1422969745361831,0.15788484364563507,0.15863636363636363,0.15318181818181817,0.14181818181818182,0.14909090909090908,0.14772727272727273
M7,-16,macro_f1,5,0.1323940722806038,0.006343613122410718,0.12451743624797343,0.14027070831323415,0.1273975581451913,0.1349351558516547,0.13746699709428545,0.1381699298142491,0.12400072049763831
M7,-16,balanced_accuracy,5,0.1500909090909091,0.006277007762165116,0.14229697453618312,0.1578848436456351,0.15863636363636366,0.1531818181818182,0.14181818181818182,0.14909090909090908,0.14772727272727273
M7,-16,prediction_concentration,5,0.18236363636363637,0.030242477378953744,0.14481264098569777,0.21991463174157497,0.22363636363636363,0.165,0.16636363636363635,0.15227272727272728,0.20454545454545456
M7,-16,normalized_prediction_entropy,5,0.9287524640428542,0.04543902593639814,0.8723324614241815,0.9851724666615268,0.8591934242153907,0.9397583475103451,0.9716721500118288,0.962404530450353,0.9107338680263524
M7,-16,gini,5,0.30510743801652895,0.09642456220079533,0.18538053058924187,0.42483434544381604,0.4419008264462809,0.2847107438016529,0.2049586776859504,0.2341322314049587,0.35983471074380163
M7,-16,hhi,5,0.12014702479338843,0.018606679224080575,0.09704378107472163,0.14325026851205522,0.14876983471074381,0.11372396694214876,0.1038388429752066,0.10622396694214876,0.1281785123966942
M7,-16,dominant_predicted_class_ratio,5,0.18236363636363637,0.030242477378953744,0.14481264098569777,0.21991463174157497,0.22363636363636363,0.165,0.16636363636363635,0.15227272727272728,0.20454545454545456
M7,-14,accuracy,5,0.20999999999999996,0.01085688264772381,0.19651939968359816,0.22348060031640177,0.21363636363636362,0.205,0.19363636363636363,0.21681818181818183,0.22090909090909092
M7,-14,macro_f1,5,0.19244491414044376,0.008856995387254034,0.18144750183583364,0.2034423264450539,0.20071620062606774,0.18439803103609398,0.18276687342429937,0.1925745130065181,0.2017689526092396
M7,-14,balanced_accuracy,5,0.21000000000000002,0.010856882647723828,0.1965193996835982,0.22348060031640185,0.21363636363636365,0.20500000000000004,0.19363636363636358,0.21681818181818183,0.22090909090909092
M7,-14,prediction_concentration,5,0.16736363636363635,0.02406173190252024,0.137487050125846,0.1972402226014267,0.20045454545454544,0.15,0.1390909090909091,0.1781818181818182,0.1690909090909091
M7,-14,normalized_prediction_entropy,5,0.9411159586806633,0.016178950278145966,0.9210271385915607,0.961204778769766,0.9487358026832869,0.9376630164685832,0.9644831567847234,0.9324459480764119,0.9222518693903113
M7,-14,gini,5,0.2770909090909091,0.043469086778556286,0.22311690900318054,0.3310649091786377,0.26330578512396696,0.2820661157024793,0.21041322314049585,0.30991735537190085,0.3197520661157025
M7,-14,hhi,5,0.11417793388429753,0.006176097798845187,0.10650929559808595,0.12184657217050912,0.11543057851239669,0.11336652892561985,0.1040479338842975,0.11839132231404961,0.11965330578512398
M7,-14,dominant_predicted_class_ratio,5,0.16736363636363635,0.02406173190252024,0.137487050125846,0.1972402226014267,0.20045454545454544,0.15,0.1390909090909091,0.1781818181818182,0.1690909090909091
M7,-12,accuracy,5,0.2959090909090909,0.005349364679972642,0.28926697737270607,0.30255120444547573,0.3040909090909091,0.2972727272727273,0.29409090909090907,0.28954545454545455,0.29454545454545455
M7,-12,macro_f1,5,0.27516779805585145,0.007275931089434397,0.26613353636868925,0.28420205974301366,0.2647997441232088,0.28453188886657327,0.27872488335844386,0.273315962454294,0.27446651147673734
M7,-12,balanced_accuracy,5,0.29590909090909095,0.005349364679972634,0.2892669773727061,0.3025512044454758,0.3040909090909091,0.2972727272727273,0.2940909090909091,0.28954545454545455,0.2945454545454546
M7,-12,prediction_concentration,5,0.19263636363636366,0.050215856374306304,0.13028514263741653,0.2549875846353108,0.2581818181818182,0.15636363636363637,0.13227272727272726,0.195,0.22136363636363637
M7,-12,normalized_prediction_entropy,5,0.9350977210783331,0.0486674019933564,0.8746691601370724,0.9955262820195938,0.8526151858779522,0.966901054053917,0.9699372707494434,0.9556666964944931,0.9303683982158604
M7,-12,gini,5,0.2878181818181818,0.10243655131820281,0.16062640394621702,0.4150099596901466,0.4523140495867768,0.22446280991735543,0.19115702479338842,0.2577685950413223,0.3133884297520661
M7,-12,hhi,5,0.12163388429752067,0.025197375360400797,0.09034721046328441,0.15292055813175692,0.16397148760330577,0.10548140495867768,0.10214958677685951,0.11179628099173552,0.1247706611570248
M7,-12,dominant_predicted_class_ratio,5,0.19263636363636366,0.050215856374306304,0.13028514263741653,0.2549875846353108,0.2581818181818182,0.15636363636363637,0.13227272727272726,0.195,0.22136363636363637
M7,-10,accuracy,5,0.3944545454545455,0.006668043934869908,0.38617507536217655,0.40273401554691446,0.39590909090909093,0.3986363636363636,0.38954545454545453,0.3859090909090909,0.4022727272727273
M7,-10,macro_f1,5,0.37992002471977493,0.009427749017893549,0.36821392818015564,0.3916261212593942,0.38749107861363447,0.38374789047833385,0.376668102123198,0.36489676336884697,0.3867962890148616
M7,-10,balanced_accuracy,5,0.39445454545454545,0.006668043934869934,0.3861750753621765,0.4027340155469144,0.39590909090909093,0.3986363636363636,0.3895454545454546,0.3859090909090908,0.4022727272727273
M7,-10,prediction_concentration,5,0.1752727272727273,0.013125270559981887,0.15897555135171404,0.19156990319374056,0.19045454545454546,0.1709090909090909,0.15681818181818183,0.1731818181818182,0.185
M7,-10,normalized_prediction_entropy,5,0.9614037672990925,0.014697530684600698,0.9431543725855287,0.9796531620126563,0.9655933630027681,0.9617628653078448,0.982468833599165,0.9547050212199739,0.9424887533657111
M7,-10,gini,5,0.22603305785123967,0.049069338834554006,0.1651054264047121,0.28696068929776725,0.204297520661157,0.22578512396694214,0.1578512396694215,0.25619834710743805,0.28603305785123967
M7,-10,hhi,5,0.10761462809917358,0.005722670495663697,0.10050899417112508,0.11472026202722208,0.10685743801652894,0.10645454545454545,0.09922685950413224,0.11109008264462811,0.11444421487603307
M7,-10,dominant_predicted_class_ratio,5,0.1752727272727273,0.013125270559981887,0.15897555135171404,0.19156990319374056,0.19045454545454546,0.1709090909090909,0.15681818181818183,0.1731818181818182,0.185
M7,-8,accuracy,5,0.525,0.00979120874024455,0.5128426086083403,0.5371573913916597,0.5290909090909091,0.5363636363636364,0.51,0.5222727272727272,0.5272727272727272
M7,-8,macro_f1,5,0.5119154735953628,0.007799572573235208,0.5022310251297992,0.5215999220609264,0.5166349773546317,0.5227212064927262,0.502982910696965,0.5074415551813515,0.5097967182511399
M7,-8,balanced_accuracy,5,0.525,0.009791208740244594,0.5128426086083403,0.5371573913916597,0.5290909090909091,0.5363636363636364,0.5099999999999999,0.5222727272727272,0.5272727272727272
M7,-8,prediction_concentration,5,0.13481818181818184,0.014479966211549086,0.11683892907809439,0.15279743455826927,0.115,0.1431818181818182,0.12863636363636363,0.1340909090909091,0.15318181818181817
M7,-8,normalized_prediction_entropy,5,0.9799638326840416,0.00456197616732776,0.9742993911164072,0.9856282742516761,0.9828509338314733,0.982789917403998,0.9841386408535722,0.9744679470736813,0.9755717242574827
M7,-8,gini,5,0.15666115702479338,0.01854728486423238,0.13363166114444644,0.17969065290514033,0.13867768595041322,0.1490909090909091,0.14446280991735536,0.16735537190082644,0.18371900826446277
M7,-8,hhi,5,0.09881818181818183,0.0018895864904009965,0.09647195030155871,0.10116441333480496,0.09725123966942148,0.09800702479338844,0.0972,0.10028471074380167,0.1013479338842975
M7,-8,dominant_predicted_class_ratio,5,0.13481818181818184,0.014479966211549086,0.11683892907809439,0.15279743455826927,0.115,0.1431818181818182,0.12863636363636363,0.1340909090909091,0.15318181818181817
M7,-6,accuracy,5,0.6642727272727272,0.00505752038025495,0.6579929862963828,0.6705524682490717,0.6631818181818182,0.6690909090909091,0.6563636363636364,0.6645454545454546,0.6681818181818182
M7,-6,macro_f1,5,0.6529589771322861,0.006577343078289368,0.6447921270281395,0.6611258272364328,0.6412078468004602,0.6554543823088262,0.6557046647869215,0.6562307586488634,0.6561972331163596
M7,-6,balanced_accuracy,5,0.6642727272727272,0.0050575203802549285,0.6579929862963829,0.6705524682490716,0.6631818181818182,0.6690909090909091,0.6563636363636364,0.6645454545454546,0.6681818181818181
M7,-6,prediction_concentration,5,0.12154545454545455,0.01145689009192776,0.10731984658693045,0.13577106250397866,0.135,0.13090909090909092,0.11,0.11045454545454546,0.12136363636363637
M7,-6,normalized_prediction_entropy,5,0.986770455651811,0.009361848367136187,0.9751461855776953,0.9983947257259267,0.9775338294939773,0.979079462269737,0.9982089914206274,0.9950015746377352,0.984028420436978
M7,-6,gini,5,0.12110743801652893,0.053871195740236646,0.0542175137256891,0.18799736230736874,0.1753719008264463,0.16066115702479336,0.04603305785123967,0.08636363636363636,0.13710743801652894
M7,-6,hhi,5,0.09611438016528925,0.0036157127201744,0.0916248798528013,0.10060388047777721,0.09987685950413225,0.09899586776859504,0.09168884297520662,0.09303181818181819,0.09697851239669421
M7,-6,dominant_predicted_class_ratio,5,0.12154545454545455,0.01145689009192776,0.10731984658693045,0.13577106250397866,0.135,0.13090909090909092,0.11,0.11045454545454546,0.12136363636363637
M7,-4,accuracy,5,0.7769090909090909,0.005353225643795384,0.770262183352929,0.7835559984652528,0.7809090909090909,0.769090909090909,0.7768181818181819,0.7827272727272727,0.775
M7,-4,macro_f1,5,0.7723638542332235,0.003935536773948091,0.7674772399074051,0.7772504685590419,0.7748430014873636,0.7662707182347842,0.771503193566723,0.7765923269662142,0.7726100309110326
M7,-4,balanced_accuracy,5,0.776909090909091,0.005353225643795343,0.7702621833529292,0.7835559984652528,0.7809090909090909,0.7690909090909092,0.7768181818181819,0.7827272727272727,0.775
M7,-4,prediction_concentration,5,0.12345454545454544,0.008956967831095107,0.11233300096560539,0.1345760899434855,0.12272727272727273,0.11090909090909092,0.13227272727272726,0.1318181818181818,0.11954545454545455
M7,-4,normalized_prediction_entropy,5,0.9917718237395906,0.003457151578170112,0.9874792030886435,0.9960644443905378,0.9905773171388255,0.9968735383884554,0.9885313573402046,0.9892441016373559,0.9936328041931117
M7,-4,gini,5,0.096,0.021492259508232487,0.0693138351285752,0.12268616487142481,0.09033057851239669,0.06479338842975206,0.12148760330578513,0.10966942148760328,0.09371900826446283
M7,-4,hhi,5,0.09433661157024795,0.001439092958237688,0.09254974165393566,0.09612348148656023,0.09450950413223141,0.09223884297520661,0.09592561983471076,0.09530206611570248,0.09370702479338844
M7,-4,dominant_predicted_class_ratio,5,0.12345454545454544,0.008956967831095107,0.11233300096560539,0.1345760899434855,0.12272727272727273,0.11090909090909092,0.13227272727272726,0.1318181818181818,0.11954545454545455
M7,-2,accuracy,5,0.8501818181818181,0.008675747520607222,0.8394094548279746,0.8609541815356617,0.8454545454545455,0.8604545454545455,0.8586363636363636,0.8445454545454546,0.8418181818181818
M7,-2,macro_f1,5,0.8475697907205442,0.008502837432420217,0.8370121235981287,0.8581274578429596,0.8437589498205174,0.8551058749175294,0.8578429073482919,0.8432505304100829,0.8378906911062999
M7,-2,balanced_accuracy,5,0.8501818181818181,0.008675747520607206,0.8394094548279746,0.8609541815356617,0.8454545454545456,0.8604545454545455,0.8586363636363636,0.8445454545454546,0.8418181818181818
M7,-2,prediction_concentration,5,0.11481818181818179,0.011402660266666932,0.10065990908131293,0.12897645455505066,0.11136363636363636,0.12181818181818181,0.12954545454545455,0.09954545454545455,0.11181818181818182
M7,-2,normalized_prediction_entropy,5,0.9962117885008892,0.002146285825346167,0.9935468226617018,0.9988767543400766,0.9968770503739541,0.9944804764136229,0.9940990621919069,0.999454995664934,0.9961473578600278
M7,-2,gini,5,0.06350413223140497,0.020158988312431573,0.038473442203648234,0.0885348222591617,0.06347107438016528,0.07553719008264463,0.07867768595041323,0.028925619834710748,0.07090909090909091
M7,-2,hhi,5,0.09252512396694215,0.00092878946496364,0.09137187952638587,0.09367836840749844,0.09222727272727271,0.09321735537190082,0.09351694214876036,0.09114710743801654,0.09251694214876033
M7,-2,dominant_predicted_class_ratio,5,0.11481818181818179,0.011402660266666932,0.10065990908131293,0.12897645455505066,0.11136363636363636,0.12181818181818181,0.12954545454545455,0.09954545454545455,0.11181818181818182
M7,0,accuracy,5,0.8976363636363637,0.009444268890498254,0.8859097549656761,0.9093629723070512,0.8831818181818182,0.9081818181818182,0.9022727272727272,0.9,0.8945454545454545
M7,0,macro_f1,5,0.8923076966480149,0.01265770858743076,0.8765910755952475,0.9080243177007823,0.8725138582918613,0.9072594525942802,0.896601706000273,0.8907202021355188,0.8944432642181407
M7,0,balanced_accuracy,5,0.8976363636363637,0.009444268890498247,0.8859097549656761,0.9093629723070512,0.8831818181818182,0.9081818181818182,0.9022727272727272,0.8999999999999999,0.8945454545454545
M7,0,prediction_concentration,5,0.1298181818181818,0.025836421214189567,0.09773802775409464,0.16189833588226898,0.15954545454545455,0.10818181818181818,0.14136363636363636,0.14227272727272727,0.09772727272727273
M7,0,normalized_prediction_entropy,5,0.9904544857239571,0.008375863439401268,0.9800544776373814,1.0008544938105328,0.980307313352075,0.9984900767035945,0.9881250211050706,0.9856822741557617,0.9996677433032836
M7,0,gini,5,0.08297520661157025,0.04963141929838695,0.021349660089007655,0.14460075313413284,0.13851239669421486,0.04033057851239671,0.1084297520661157,0.10603305785123968,0.021570247933884287
M7,0,hhi,5,0.0948900826446281,0.0035046145801849804,0.09053852889283241,0.09924163639642379,0.09927933884297523,0.09156446280991735,0.09591859504132232,0.09663305785123967,0.09105495867768595
M7,0,dominant_predicted_class_ratio,5,0.1298181818181818,0.025836421214189567,0.09773802775409464,0.16189833588226898,0.15954545454545455,0.10818181818181818,0.14136363636363636,0.14227272727272727,0.09772727272727273
M7,2,accuracy,5,0.9141818181818182,0.005353225643795394,0.9075349106256563,0.9208287257379801,0.9090909090909091,0.9213636363636364,0.9181818181818182,0.9122727272727272,0.91
M7,2,macro_f1,5,0.9062528192438222,0.009514505898798375,0.8944389998085869,0.9180666386790575,0.8982340669283624,0.9149938969262114,0.9168504164553087,0.8958485417763199,0.9053371741329092
M7,2,balanced_accuracy,5,0.9141818181818181,0.005353225643795288,0.9075349106256563,0.9208287257379799,0.9090909090909091,0.9213636363636362,0.918181818181818,0.9122727272727271,0.91
M7,2,prediction_concentration,5,0.13718181818181818,0.01723500665928083,0.11578173090418706,0.1585819054594493,0.14227272727272727,0.14227272727272727,0.11136363636363636,0.15818181818181817,0.1318181818181818
M7,2,normalized_prediction_entropy,5,0.9863168164322322,0.00933335979591523,0.9747279195913618,0.9979057132731026,0.9836649494566473,0.9865892183339778,0.997854444964957,0.972619429818142,0.9908560395874374
M7,2,gini,5,0.09996694214876033,0.034312682101447764,0.05736212010158196,0.1425717641959387,0.11512396694214876,0.10247933884297522,0.045206611570247926,0.1383471074380165,0.09867768595041322
M7,2,hhi,5,0.09620925619834711,0.003341575862257371,0.09206014175291544,0.10035837064377878,0.09721198347107438,0.09636280991735538,0.0918293388429752,0.10092396694214875,0.09471818181818181
M7,2,dominant_predicted_class_ratio,5,0.13718181818181818,0.01723500665928083,0.11578173090418706,0.1585819054594493,0.14227272727272727,0.14227272727272727,0.11136363636363636,0.15818181818181817,0.1318181818181818
M7,4,accuracy,5,0.9086363636363636,0.007294002970855084,0.8995796627446615,0.9176930645280656,0.8968181818181818,0.9140909090909091,0.9122727272727272,0.9063636363636364,0.9136363636363637
M7,4,macro_f1,5,0.9055475104029578,0.007631215792034817,0.8960721044914641,0.9150229163144514,0.8947856084982344,0.913748432873782,0.9064255335960977,0.9015063119880135,0.9112716650586609
M7,4,balanced_accuracy,5,0.9086363636363636,0.007294002970855065,0.8995796627446615,0.9176930645280656,0.8968181818181818,0.9140909090909091,0.9122727272727272,0.9063636363636364,0.9136363636363636
M7,4,prediction_concentration,5,0.12236363636363637,0.016320650610917337,0.10209887207279804,0.14262840065447469,0.11772727272727272,0.09681818181818182,0.13772727272727273,0.13454545454545455,0.125
M7,4,normalized_prediction_entropy,5,0.993724831516646,0.004605477980790122,0.9880063753133788,0.9994432877199133,0.9964671446594097,0.9997186861977072,0.988638201389683,0.9897950964373006,0.9940050288991298
M7,4,gini,5,0.07229752066115704,0.03493646599136958,0.028918168615203257,0.11567687270711081,0.05735537190082645,0.019008264462809916,0.10074380165289258,0.10264462809917356,0.08173553719008265
M7,4,hhi,5,0.09352801652892562,0.00188819098984312,0.09118351775510469,0.09587251530274654,0.09242396694214874,0.09103140495867768,0.09557272727272727,0.09514793388429753,0.09346404958677686
M7,4,dominant_predicted_class_ratio,5,0.12236363636363637,0.016320650610917337,0.10209887207279804,0.14262840065447469,0.11772727272727272,0.09681818181818182,0.13772727272727273,0.13454545454545455,0.125
M7,6,accuracy,5,0.9237272727272726,0.0052950155885176,0.9171526425010826,0.9303019029534626,0.9195454545454546,0.9281818181818182,0.9286363636363636,0.9254545454545454,0.9168181818181819
M7,6,macro_f1,5,0.9219594841351674,0.006742376683977319,0.9135877177443442,0.9303312505259905,0.918498888496616,0.9276480662415381,0.926719592968886,0.9251895539268422,0.9117413190419549
M7,6,balanced_accuracy,5,0.9237272727272726,0.005295015588517635,0.9171526425010825,0.9303019029534627,0.9195454545454544,0.9281818181818181,0.9286363636363636,0.9254545454545454,0.9168181818181818
M7,6,prediction_concentration,5,0.11745454545454545,0.01626739374250078,0.09725590829987704,0.13765318260921386,0.11545454545454545,0.10590909090909091,0.12590909090909091,0.09954545454545455,0.14045454545454544
M7,6,normalized_prediction_entropy,5,0.9953964415165404,0.00457107805200005,0.9897206984663925,1.0010721845666883,0.9969648513007546,0.9986206754044651,0.9942247086918944,0.9991893319378915,0.9879826402476962
M7,6,gini,5,0.06069421487603305,0.025519571873297706,0.029007481231385898,0.0923809485206802,0.05867768595041321,0.04214876033057851,0.07033057851239669,0.0337190082644628,0.09859504132231404
M7,6,hhi,5,0.09284553719008264,0.00187964331597439,0.0905116517551729,0.09517942262499238,0.09221983471074381,0.09150537190082646,0.09337148760330578,0.0912599173553719,0.09587107438016529
M7,6,dominant_predicted_class_ratio,5,0.11745454545454545,0.01626739374250078,0.09725590829987704,0.13765318260921386,0.11545454545454545,0.10590909090909091,0.12590909090909091,0.09954545454545455,0.14045454545454544
M7,8,accuracy,5,0.9047272727272727,0.006352262563010223,0.8968398969956454,0.9126146484589001,0.8954545454545455,0.9063636363636364,0.9109090909090909,0.9013636363636364,0.9095454545454545
M7,8,macro_f1,5,0.9032514744724305,0.006170807429823666,0.8955894050469702,0.9109135438978908,0.8943529600191141,0.9061784002388148,0.9069939131674218,0.8994632644844855,0.9092688344523161
M7,8,balanced_accuracy,5,0.9047272727272727,0.00635226256301022,0.8968398969956454,0.9126146484589001,0.8954545454545454,0.9063636363636363,0.9109090909090909,0.9013636363636365,0.9095454545454544
M7,8,prediction_concentration,5,0.11272727272727272,0.016262312563634838,0.09253494468947059,0.13291960076507486,0.12045454545454545,0.095,0.135,0.11409090909090909,0.09909090909090909
M7,8,normalized_prediction_entropy,5,0.9958366439095385,0.0040274232379896545,0.9908359374693976,1.0008373503496795,0.9955798433171333,0.999774721620096,0.9898778624368326,0.9946083769201234,0.999342415253508
M7,8,gini,5,0.061768595041322316,0.03672038564909727,0.01617421418068008,0.10736297590196456,0.07768595041322314,0.01743801652892562,0.10223140495867772,0.08280991735537192,0.028677685950413225
M7,8,hhi,5,0.0926812396694215,0.0016890333130360588,0.0905840278128578,0.0947784515259852,0.09285867768595041,0.09100619834710746,0.09514752066115702,0.09320247933884299,0.09119132231404958
M7,8,dominant_predicted_class_ratio,5,0.11272727272727272,0.016262312563634838,0.09253494468947059,0.13291960076507486,0.12045454545454545,0.095,0.135,0.11409090909090909,0.09909090909090909
M7,10,accuracy,5,0.9070909090909091,0.007016803915607336,0.8983783962864442,0.9158034218953739,0.9090909090909091,0.8981818181818182,0.9140909090909091,0.9013636363636364,0.9127272727272727
M7,10,macro_f1,5,0.902100581740525,0.009565477790325726,0.8902234723426599,0.9139776911383901,0.9027697333433647,0.8878973443326633,0.9139277399520697,0.8996017871618102,0.9063063039127175
M7,10,balanced_accuracy,5,0.9070909090909092,0.007016803915607346,0.8983783962864443,0.915803421895374,0.9090909090909091,0.8981818181818183,0.9140909090909091,0.9013636363636363,0.9127272727272728
M7,10,prediction_concentration,5,0.13336363636363635,0.024331135037876983,0.10315254195167031,0.1635747307756024,0.14727272727272728,0.155,0.09772727272727273,0.11863636363636364,0.1481818181818182
M7,10,normalized_prediction_entropy,5,0.9880177090424546,0.009515295639368442,0.9762029090147855,0.9998325090701237,0.9837493393891887,0.9769189785218172,0.9995526804984983,0.9962727178720677,0.9835948289307002
M7,10,gini,5,0.0953719008264463,0.05145811208512024,0.031478215634818466,0.1592655860180741,0.12380165289256198,0.15206611570247935,0.024380165289256198,0.06157024793388432,0.11504132231404961
M7,10,hhi,5,0.09575495867768595,0.003783732353625359,0.09105683443535055,0.10045308292002135,0.09753305785123967,0.10008719008264463,0.091102479338843,0.09251322314049586,0.09753884297520661
M7,10,dominant_predicted_class_ratio,5,0.13336363636363635,0.024331135037876983,0.10315254195167031,0.1635747307756024,0.14727272727272728,0.155,0.09772727272727273,0.11863636363636364,0.1481818181818182
M7,12,accuracy,5,0.9109999999999999,0.009851165136442208,0.8987681629097195,0.9232318370902803,0.9009090909090909,0.9104545454545454,0.9259090909090909,0.9036363636363637,0.9140909090909091
M7,12,macro_f1,5,0.9069999587869753,0.01276267359849447,0.8911530064588989,0.9228469111150516,0.8924983314547159,0.908892755115929,0.9252199567826989,0.89748793988037,0.9109008107011616
M7,12,balanced_accuracy,5,0.9109999999999999,0.009851165136442222,0.8987681629097195,0.9232318370902803,0.9009090909090909,0.9104545454545453,0.9259090909090909,0.9036363636363636,0.914090909090909
M7,12,prediction_concentration,5,0.1300909090909091,0.017713864393054873,0.10809624140498929,0.1520855767768289,0.15181818181818182,0.11772727272727272,0.10772727272727273,0.14136363636363636,0.1318181818181818
M7,12,normalized_prediction_entropy,5,0.990060929027791,0.007381255220713879,0.980895890158677,0.999225967896905,0.9802143280187409,0.9954732689068422,0.9979585200802072,0.9849150680683634,0.9917434600648011
M7,12,gini,5,0.09474380165289256,0.03593785284524609,0.050121063602205786,0.13936653970357935,0.1351239669421488,0.07429752066115704,0.05049586776859505,0.12768595041322311,0.08611570247933885
M7,12,hhi,5,0.09498272727272727,0.0029216650939105607,0.0913550009108099,0.09861045363464464,0.09880247933884298,0.09285495867768595,0.09178966942148759,0.09709421487603308,0.09437231404958676
M7,12,dominant_predicted_class_ratio,5,0.1300909090909091,0.017713864393054873,0.10809624140498929,0.1520855767768289,0.15181818181818182,0.11772727272727272,0.10772727272727273,0.14136363636363636,0.1318181818181818
M7,14,accuracy,5,0.8986363636363637,0.01039508784184478,0.8857291573049794,0.911543569967748,0.8854545454545455,0.91,0.8981818181818182,0.9077272727272727,0.8918181818181818
M7,14,macro_f1,5,0.8941203040652823,0.009148479610006243,0.8827609662952364,0.9054796418353283,0.8817749524244562,0.9044504995495011,0.8935996961038988,0.9013953480307225,0.8893810242178334
M7,14,balanced_accuracy,5,0.8986363636363637,0.010395087841844782,0.8857291573049794,0.911543569967748,0.8854545454545455,0.91,0.8981818181818181,0.9077272727272727,0.8918181818181818
M7,14,prediction_concentration,5,0.1366363636363636,0.008840879878428017,0.12565896137887547,0.14761376589385175,0.1359090909090909,0.14454545454545453,0.1359090909090909,0.1440909090909091,0.12272727272727273
M7,14,normalized_prediction_entropy,5,0.9891315988260562,0.0037884581502014626,0.9844276067322494,0.993835590919863,0.991315252258183,0.985162395686972,0.9900840567338024,0.9853272119073518,0.9937690775439717
M7,14,gini,5,0.10239669421487603,0.014891291531834995,0.08390671363303993,0.12088667479671213,0.09223140495867767,0.12041322314049584,0.09396694214876032,0.11661157024793391,0.0887603305785124
M7,14,hhi,5,0.0954298347107438,0.0014746689010072184,0.09359879142709243,0.09726087799439517,0.0946599173553719,0.09698553719008264,0.095049173553719,0.0968793388429752,0.09357520661157025
M7,14,dominant_predicted_class_ratio,5,0.1366363636363636,0.008840879878428017,0.12565896137887547,0.14761376589385175,0.1359090909090909,0.14454545454545453,0.1359090909090909,0.1440909090909091,0.12272727272727273
M7,16,accuracy,5,0.9156363636363636,0.007312391837160101,0.9065568299514029,0.9247158973213243,0.9109090909090909,0.9072727272727272,0.9245454545454546,0.9218181818181819,0.9136363636363637
M7,16,macro_f1,5,0.9133306457077847,0.007509934819313282,0.9040058300137864,0.9226554614017829,0.9071832480210218,0.9056055973477796,0.9219301207598853,0.9204546990737247,0.9114795633365116
M7,16,balanced_accuracy,5,0.9156363636363636,0.007312391837160117,0.9065568299514027,0.9247158973213244,0.9109090909090909,0.9072727272727271,0.9245454545454546,0.9218181818181818,0.9136363636363636
M7,16,prediction_concentration,5,0.1251818181818182,0.0097096271557734,0.11312572370651276,0.13723791265712365,0.13772727272727273,0.115,0.13136363636363638,0.11636363636363636,0.12545454545454546
M7,16,normalized_prediction_entropy,5,0.9932229521006762,0.002540364400539039,0.9900686730822085,0.996377231119144,0.9895424119465019,0.9945772162030375,0.9918360317821615,0.995978420813907,0.994180679757773
M7,16,gini,5,0.08312396694214877,0.012262552478697415,0.06789799700326586,0.09834993688103168,0.10082644628099176,0.08322314049586778,0.0881818181818182,0.07090909090909091,0.07247933884297521
M7,16,hhi,5,0.0937790082644628,0.0010544306218080687,0.09246975972276011,0.09508825680616548,0.09531487603305785,0.09323223140495866,0.0943384297520661,0.09263223140495867,0.09337727272727273
M7,16,dominant_predicted_class_ratio,5,0.1251818181818182,0.0097096271557734,0.11312572370651276,0.13723791265712365,0.13772727272727273,0.115,0.13136363636363638,0.11636363636363636,0.12545454545454546
M7,18,accuracy,5,0.9054545454545455,0.002997933172334759,0.9017321197654367,0.9091769711436544,0.9054545454545454,0.9086363636363637,0.9031818181818182,0.9081818181818182,0.9018181818181819
M7,18,macro_f1,5,0.902720542541093,0.004534651284895762,0.8970900292962295,0.9083510557859565,0.9009482265118038,0.9061225438846594,0.9019768107231522,0.9080478317329518,0.8965072998528978
M7,18,balanced_accuracy,5,0.9054545454545455,0.002997933172334759,0.9017321197654367,0.9091769711436544,0.9054545454545454,0.9086363636363637,0.9031818181818182,0.9081818181818182,0.9018181818181819
M7,18,prediction_concentration,5,0.1249090909090909,0.016222242663232276,0.10476651622403023,0.14505166559415156,0.13818181818181818,0.12772727272727272,0.12,0.09954545454545455,0.1390909090909091
M7,18,normalized_prediction_entropy,5,0.9927099331297512,0.00436874327322999,0.9872854218899867,0.9981344443695157,0.9891588816743964,0.9922863889100542,0.9939724820903106,0.999464228730797,0.9886676842431985
M7,18,gini,5,0.07975206611570249,0.02981135048462865,0.042736385481104755,0.11676774675030022,0.09322314049586776,0.09504132231404956,0.08677685950413222,0.026859504132231406,0.09685950413223142
M7,18,hhi,5,0.09397586776859504,0.001801145784080203,0.09173944989298616,0.09621228564420392,0.09540867768595042,0.09419380165289257,0.09353140495867768,0.09114214876033057,0.09560330578512397
M7,18,dominant_predicted_class_ratio,5,0.1249090909090909,0.016222242663232276,0.10476651622403023,0.14505166559415156,0.13818181818181818,0.12772727272727272,0.12,0.09954545454545455,0.1390909090909091
